{
   "dims": {
      "tcd": {
         "averageValue": 50.596381637293,
         "minValue": 1,
         "percentiles": [
            1,
            1,
            1,
            1,
            1,
            2,
            2,
            2,
            3,
            3,
            3,
            4,
            4,
            5,
            6,
            6,
            7,
            7,
            8,
            9,
            10,
            11,
            12,
            13,
            14,
            15,
            16,
            17,
            19,
            20,
            22,
            23,
            25,
            26,
            28,
            30,
            32,
            33,
            35,
            37,
            39,
            42,
            44,
            46,
            48,
            50,
            52,
            54,
            57,
            59,
            61,
            63,
            65,
            67,
            68,
            70,
            71,
            73,
            74,
            75,
            76,
            76,
            77,
            78,
            78,
            79,
            80,
            80,
            81,
            81,
            82,
            82,
            82,
            83,
            83,
            84,
            84,
            84,
            85,
            85,
            86,
            86,
            86,
            87,
            87,
            87,
            88,
            88,
            89,
            89,
            89,
            90,
            90,
            91,
            92,
            92,
            93,
            94,
            96
         ],
         "maxValue": 100
      },
      "dlt": {
         "averageValue": 1.2042608878579995,
         "minValue": 1,
         "percentiles": [
            1,
            1,
            1,
            1,
            1,
            1,
            1,
            1,
            1,
            1,
            1,
            1,
            1,
            1,
            1,
            1,
            1,
            1,
            1,
            1,
            1,
            1,
            1,
            1,
            1,
            1,
            1,
            1,
            1,
            1,
            1,
            1,
            1,
            1,
            1,
            1,
            1,
            1,
            1,
            1,
            1,
            1,
            1,
            1,
            1,
            1,
            1,
            1,
            1,
            1,
            1,
            1,
            1,
            1,
            1,
            1,
            1,
            1,
            1,
            1,
            1,
            1,
            1,
            1,
            1,
            1,
            1,
            1,
            1,
            1,
            1,
            1,
            1,
            1,
            1,
            1,
            1,
            1,
            1,
            2,
            2,
            2,
            2,
            2,
            2,
            2,
            2,
            2,
            2,
            2,
            2,
            2,
            2,
            2,
            2,
            2,
            2,
            2,
            2
         ],
         "maxValue": 2
      }
   },
   "crs": "3035",
   "tileSizeCell": 128,
   "originPoint": {
      "x": 0,
      "y": 0
   },
   "resolutionGeo": 100,
   "tilingBounds": {
      "yMin": 226,
      "yMax": 234,
      "xMax": 320,
      "xMin": 312
   }
}