{
   "dims": {
      "pp": {
         "averageValue": 4524026.433940106,
         "minValue": 0,
         "percentiles": [
            23514,
            46189.939999999995,
            92883,
            127758,
            197355,
            254946,
            289096.63,
            335740.36,
            380227.1599999998,
            434476.2,
            488390.2599999999,
            550484.48,
            626389.88,
            708522.1400000004,
            796908.95,
            851490,
            966094.78,
            1062711.6199999996,
            1144489.8600000003,
            1212334.0000000002,
            1313058,
            1406406.0399999998,
            1485248.82,
            1548074.1199999999,
            1625295,
            1704785.6800000002,
            1779012.2400000002,
            1856824.72,
            1912748,
            1971410.9,
            2038446.89,
            2090477.24,
            2147140.86,
            2201700.68,
            2268895.9499999993,
            2351657.1999999997,
            2432635.8099999996,
            2503976,
            2589067.9900000007,
            2662994.6,
            2717400.44,
            2781827.6999999997,
            2849293.69,
            2931598.84,
            3000592,
            3057743,
            3128307.56,
            3194694.64,
            3266280.31,
            3323256.5,
            3387536.9400000004,
            3467003.64,
            3533863.7700000005,
            3613715.5200000005,
            3683193.400000001,
            3754918.04,
            3840266.9899999998,
            3928567.1799999992,
            4010352.89,
            4111683.4,
            4225145.34,
            4322660.42,
            4427797.43,
            4541892.64,
            4671915.350000001,
            4798959.72,
            4919704.23,
            5049346.76,
            5175546.35,
            5315615.799999999,
            5503121.26,
            5630284.24,
            5762279.41,
            5920868.4399999995,
            6051556,
            6162067.28,
            6327637.5200000005,
            6465835.560000001,
            6636028.37,
            6784125.8,
            6940600.240000019,
            7112872.52,
            7305037.54,
            7526330.079999996,
            7705654.949999999,
            7937995.48,
            8331863.380000002,
            8769322.079999994,
            9404425.78,
            9892089.200000001,
            1.0372896350000009E7,
            1.1297276599999994E7,
            1.220975308E7,
            1.3123917859999998E7,
            1.3918553299999999E7,
            1.4923474119999995E7,
            1.6415551580000004E7,
            1.88794342E7,
            2.106829919999998E7
         ],
         "maxValue": 2.8285667E7
      },
      "rp": {
         "averageValue": 59.02840909090909,
         "minValue": 0,
         "percentiles": [
            3,
            7,
            10,
            13,
            15,
            17,
            19,
            21,
            22,
            24,
            25,
            27,
            28,
            29,
            30,
            31,
            32,
            34,
            35,
            36,
            37,
            37,
            38,
            39,
            40,
            41,
            42,
            43,
            44,
            45,
            46,
            47,
            48,
            48,
            49,
            50,
            51,
            52,
            53,
            53,
            54,
            55,
            56,
            56,
            57,
            58,
            58,
            59,
            60,
            61,
            61,
            62,
            63,
            64,
            64,
            65,
            66,
            67,
            67,
            68,
            69,
            69,
            70,
            71,
            71,
            72,
            73,
            73,
            74,
            75,
            75,
            76,
            77,
            78,
            78,
            79,
            80,
            81,
            81,
            82,
            83,
            84,
            85,
            86,
            87,
            87,
            88,
            89,
            90,
            91,
            93,
            94,
            95,
            96,
            97,
            98,
            99,
            102,
            106
         ],
         "maxValue": 254
      },
      "ra": {
         "averageValue": 3126049.945363752,
         "minValue": 0,
         "percentiles": [
            1808,
            9613,
            19128,
            30443.88,
            46080.10000000002,
            72077,
            96803.48,
            128544,
            157868.68,
            186598.6,
            210368.02,
            228149.64,
            250336,
            273403,
            300496.69999999995,
            325903.24,
            355411.06000000006,
            390835.72,
            434245.86,
            469919,
            504420.44,
            541527.24,
            582259,
            608634.52,
            654035,
            689636.9199999999,
            732144.34,
            772996,
            807751.02,
            835818.2,
            876500.84,
            926261.8,
            967088,
            1004546.0400000005,
            1043101.0999999997,
            1077911.08,
            1116552.3,
            1156786.8000000003,
            1202964,
            1247884.4000000004,
            1292151.64,
            1347321.8800000001,
            1393312.9199999997,
            1441837.5999999999,
            1483841.9,
            1534564.12,
            1588393.34,
            1628494,
            1684901,
            1740440,
            1799052.8200000005,
            1864991.2399999998,
            1930536.76,
            1997725.08,
            2074767.7000000002,
            2137144.16,
            2205920.7199999997,
            2265100.92,
            2326848.0599999973,
            2387420.5999999996,
            2454229.32,
            2541211.64,
            2613031.5999999996,
            2689845.92,
            2764347.9,
            2846726.000000001,
            2934759.84,
            3043347.4400000004,
            3152784.7399999998,
            3268084.8,
            3372203.7599999993,
            3478641.96,
            3596404.5200000005,
            3702376.32,
            3852223.5,
            3978880.24,
            4087542.2199999997,
            4238447.5200000005,
            4402769.140000001,
            4594303.400000001,
            4804817.32,
            5049370.879999997,
            5289326.779999998,
            5530881.600000001,
            5790215.299999999,
            6039494.879999999,
            6318981,
            6685527.76,
            7080127.96,
            7480732,
            8013465.599999997,
            8601975.560000025,
            9722459.020000001,
            1.1023895239999998E7,
            1.2190567099999998E7,
            1.3369937160000008E7,
            1.4662379999999998E7,
            1.714373251999998E7,
            2.0179303540000036E7
         ],
         "maxValue": 2.8672595E7
      }
   },
   "crs": "3035",
   "tileSizeCell": 128,
   "originPoint": {
      "x": 0,
      "y": 0
   },
   "resolutionGeo": 20000,
   "tilingBounds": {
      "yMin": 0,
      "yMax": 2,
      "xMax": 2,
      "xMin": 0
   }
}