{
   "dims": {
      "imputed": {
         "averageValue": 14.903139131004654,
         "minValue": 0,
         "percentiles": [
            1,
            1,
            1,
            1,
            1,
            2,
            2,
            2,
            2,
            3,
            3,
            3,
            3,
            4,
            4,
            4,
            4,
            5,
            5,
            5,
            5,
            5,
            6,
            6,
            6,
            6,
            7,
            7,
            7,
            7,
            8,
            8,
            8,
            8,
            9,
            9,
            9,
            9,
            10,
            10,
            10,
            10,
            11,
            11,
            11,
            12,
            12,
            12,
            12,
            13,
            13,
            13,
            13,
            14,
            14,
            14,
            15,
            15,
            15,
            16,
            16,
            16,
            17,
            17,
            17,
            18,
            18,
            18,
            19,
            19,
            19,
            20,
            20,
            21,
            21,
            22,
            22,
            23,
            23,
            24,
            24,
            25,
            25,
            26,
            27,
            27,
            28,
            29,
            29,
            30,
            31,
            32,
            33,
            35,
            36,
            38,
            40,
            43,
            48
         ],
         "maxValue": 89
      },
      "Log_soc": {
         "averageValue": 35.95227161019702,
         "minValue": 0,
         "percentiles": [
            0,
            0,
            0,
            0,
            0,
            0,
            0,
            0,
            0,
            0,
            0,
            0,
            0,
            0,
            0,
            0,
            0,
            0,
            0,
            0,
            0,
            0,
            0,
            0,
            0,
            0,
            0,
            0,
            0,
            0,
            0,
            0,
            0,
            0,
            0,
            0,
            0,
            0,
            0,
            0,
            0,
            0,
            0,
            0,
            0,
            0,
            0,
            0,
            0,
            0,
            0,
            0,
            0,
            0,
            0,
            0,
            0,
            0,
            0,
            0,
            0,
            0,
            0,
            0,
            0,
            0,
            0,
            0,
            0,
            0,
            0,
            0,
            0,
            0,
            0,
            0,
            0,
            0,
            1,
            1.7,
            2.1,
            3.2,
            4.358999999999651,
            6,
            7,
            9,
            11,
            14,
            17,
            21,
            26.1,
            33,
            43,
            57,
            78,
            115,
            186.1,
            348.48599999999425,
            857
         ],
         "maxValue": 20315
      },
      "Log_inc": {
         "averageValue": 0.657787207549639,
         "minValue": 0,
         "percentiles": [
            0,
            0,
            0,
            0,
            0,
            0,
            0,
            0,
            0,
            0,
            0,
            0,
            0,
            0,
            0,
            0,
            0,
            0,
            0,
            0,
            0,
            0,
            0,
            0,
            0,
            0,
            0,
            0,
            0,
            0,
            0,
            0,
            0,
            0,
            0,
            0,
            0,
            0,
            0,
            0,
            0,
            0,
            0,
            0,
            0,
            0,
            0,
            0,
            0,
            0,
            0,
            0,
            0,
            0,
            0,
            0,
            0,
            0,
            0,
            0,
            0,
            0,
            0,
            0,
            0,
            0,
            0,
            0,
            0,
            0,
            0,
            0,
            0,
            0,
            0,
            0,
            0,
            0,
            0,
            0,
            0.1,
            0.7,
            0.9,
            1,
            1,
            1,
            1,
            1,
            1,
            1.1,
            1.2,
            1.8,
            2,
            2,
            2.4,
            3,
            4,
            6,
            11
         ],
         "maxValue": 516
      },
      "Log_av45": {
         "averageValue": 61.83330247722749,
         "minValue": 0,
         "percentiles": [
            0.1,
            0.3,
            0.4,
            0.6,
            0.7,
            0.9,
            1.1,
            1.3,
            1.6,
            1.8,
            2,
            2.3,
            2.7,
            3,
            3.3,
            3.7,
            4,
            4.3,
            4.8,
            5,
            5.4,
            5.9,
            6.1,
            6.7,
            7,
            7.4,
            7.9,
            8.1,
            8.7,
            9,
            9.3,
            9.9,
            10.1,
            10.8,
            11,
            11.4,
            11.9,
            12.1,
            12.8,
            13,
            13.7,
            14,
            14.4,
            15,
            15.3,
            15.9,
            16.2,
            16.9,
            17.2,
            17.9,
            18.3,
            19,
            19.6,
            20.1,
            20.8,
            21.2,
            22,
            22.8,
            23.2,
            24,
            24.9,
            25.7,
            26.3,
            27.1,
            28,
            29,
            29.9,
            30.9,
            31.9,
            33,
            34.1,
            35.3,
            36.9,
            38.1,
            39.9,
            41.2,
            43,
            44.9,
            46.9,
            49,
            51.1,
            53.9,
            56.8,
            59.9,
            63.1,
            67,
            71.8,
            76.8,
            82.1,
            89,
            97,
            107.1,
            120.1,
            136.7,
            160.9,
            195.3080000000002,
            251.06199999999953,
            366.9539999999993,
            695.2430000000037
         ],
         "maxValue": 58651
      },
      "Log_ap90": {
         "averageValue": 66.77225735631184,
         "minValue": 0,