{
   "dims": {
      "pp": {
         "averageValue": 4616185.015626758,
         "minValue": 0,
         "percentiles": [
            16530,
            51174,
            97823,
            140769.52,
            216642.80000000002,
            265156.9199999999,
            312601,
            372738.48,
            418705.24,
            467134.80000000005,
            525900.64,
            597233.84,
            690121.0000000001,
            783890,
            851490,
            959222.6000000001,
            1051691.9600000007,
            1130123.16,
            1216539.6400000001,
            1308213.8,
            1398928.88,
            1476107.28,
            1548372.1199999999,
            1620690.5599999998,
            1697549,
            1771540.6400000001,
            1844269.96,
            1911781.12,
            1975345.3199999998,
            2034950.8,
            2089475.64,
            2149915.24,
            2213638,
            2287937,
            2372011.1999999997,
            2449619.2,
            2518321.7199999997,
            2585528.88,
            2659100.88,
            2731700,
            2796983.7199999997,
            2862760.92,
            2933119.92,
            2999525.16,
            3067013.2,
            3130265.1999999997,
            3195767.88,
            3264743.24,
            3328954.8,
            3394970,
            3469900.4800000004,
            3543423.2800000003,
            3615294.4,
            3691866.2800000003,
            3765247.6,
            3843715.4000000013,
            3930522.12,
            4023573,
            4114604.36,
            4206608,
            4307214.88,
            4424624.88,
            4540339.5200000005,
            4669735.360000001,
            4798135.6,
            4930033.96,
            5066394.4,
            5214677.200000002,
            5355493.279999997,
            5496796.199999999,
            5627753.999999999,
            5759323.24,
            5903128.08,
            6036984.999999998,
            6167679,
            6310562.88,
            6458081.560000002,
            6614150.72,
            6766037,
            6927879.4,
            7093002.840000001,
            7255119.399999999,
            7424321.159999999,
            7605427.6,
            7802105.800000001,
            8096626,
            8518432.36,
            9002372.48,
            9488645.320000002,
            9988949.400000006,
            1.0553738520000009E7,
            1.1385842319999997E7,
            1.237404828E7,
            1.330031956E7,
            1.4100492E7,
            1.5007590039999995E7,
            1.643883016E7,
            1.8901394359999996E7,
            2.113850788E7
         ],
         "maxValue": 2.8987596E7
      },
      "rp": {
         "averageValue": 58.89091402439428,
         "minValue": 0,
         "percentiles": [
            2,
            6,
            9,
            12,
            14,
            16,
            18,
            20,
            22,
            23,
            24,
            26,
            27,
            28,
            30,
            31,
            32,
            33,
            34,
            35,
            36,
            37,
            38,
            39,
            40,
            41,
            42,
            43,
            44,
            44,
            45,
            46,
            47,
            48,
            49,
            50,
            50,
            51,
            52,
            53,
            54,
            55,
            55,
            56,
            57,
            58,
            58,
            59,
            60,
            61,
            61,
            62,
            63,
            63,
            64,
            65,
            66,
            66,
            67,
            68,
            68,
            69,
            70,
            71,
            71,
            72,
            73,
            73,
            74,
            75,
            75,
            76,
            77,
            78,
            78,
            79,
            80,
            81,
            81,
            82,
            83,
            84,
            85,
            86,
            87,
            88,
            89,
            90,
            91,
            92,
            93,
            94,
            95,
            96,
            97,
            98,
            100,
            103,
            109
         ],
         "maxValue": 268
      },
      "ra": {
         "averageValue": 3183614.8836035538,
         "minValue": 0,
         "percentiles": [
            1280,
            8758,
            17170.980000000003,
            28039,
            49937,
            75789,
            106453.54000000004,
            137955.6,
            165624.54,
            192257.2,
            213730.51999999996,
            237799,
            265607,
            290428.72,
            313177.8,
            343928.04,
            379238.80000000005,
            416627,
            451452.60000000003,
            488409,
            527949.2799999999,
            564254.56,
            601624.02,
            640583.3200000001,
            678145,
            714843.32,
            752770.3800000001,
            792572.44,
            822857.46,
            861562.3999999999,
            901756.9400000002,
            943636.56,
            987525.1400000001,
            1031017.6000000001,
            1074145.5999999996,
            1114031.4,
            1157250.66,
            1201953.9200000004,
            1244741.3,
            1289652,
            1336772.68,
            1383800.6399999997,
            1430903.32,
            1476376.08,
            1528438,
            1578260,
            1627584.66,
            1684080.4000000001,
            1737479.2599999995,
            1791423,
            1850734.02,
            1907427,
            1965933.4000000001,
            2028527.3600000003,
            2095329.3000000003,
            2161501.92,
            2225864,
            2293816.64,
            2361108,
            2430360,
            2502855,
            2580826.0000000005,
            2659877.999999999,
            2739927.48,
            2824337.9000000004,
            2915125.560000001,
            3008236,
            3110395.24,
            3214674.94,
            3323069.9999999986,
            3431567.9599999995,
            3542745.88,
            3669400.02,
            3800944.2399999998,
            3932641,
            4055675.0800000005,
            4203560.899999999,
            4367498.720000001,
            4551094.0200000005,
            4748114.800000001,
            4958635.260000001,
            5179134.6,
            5414962.46,
            5650377.639999998,
            5890861.499999999,
            6153577.08,
            6461099.140000001,
            6787432.039999996,
            7156382.0200000005,
            7570147.000000006,
            8084995.439999999,
            8771675.640000004,
            9840912.860000001,
            1.1155921639999997E7,
            1.2411036499999998E7,
            1.360438732E7,
            1.4874064959999999E7,
            1.7288857919999987E7,
            2.0363816440000013E7
         ],
         "maxValue": 3.0799422E7
      }
   },
   "crs": "3035",
   "tileSizeCell": 128,
   "originPoint": {
      "x": 0,
      "y": 0
   },
   "resolutionGeo": 5000,
   "tilingBounds": {
      "yMin": 1,
      "yMax": 8,
      "xMax": 10,
      "xMin": 1
   }
}