{
   "dims": {
      "pp": {
         "averageValue": 5244121.736525044,
         "minValue": 0,
         "percentiles": [
            41919.3,
            123127.48000000001,
            243189.89999999997,
            313732.08,
            391588.9,
            454931.48,
            524996.1600000001,
            609073.76,
            719940.48,
            819602.6,
            913396.38,
            1026852.2799999999,
            1124493.18,
            1223839.160000001,
            1330809.9999999995,
            1431811.04,
            1514863.2400000002,
            1596669.48,
            1679205.36,
            1760909.4,
            1836369.24,
            1905032.8399999999,
            1965732,
            2025918.2799999998,
            2079745.5,
            2138125,
            2198905,
            2274261.08,
            2363944.159999999,
            2445592.999999998,
            2517835,
            2590150.52,
            2665084.38,
            2738983.6800000006,
            2808191.5999999996,
            2873317.96,
            2941002.1999999993,
            3004795.1200000006,
            3069123.62,
            3125151,
            3184482,
            3249598.6,
            3311953.98,
            3374985,
            3442498.4000000004,
            3516308.56,
            3590985.84,
            3669955,
            3744350,
            3820342,
            3900957.3400000017,
            3994771.7199999997,
            4084982.58,
            4173966.8800000004,
            4268800,
            4370921.16,
            4476209,
            4583479.52,
            4695371,
            4814907.999999999,
            4938798.92,
            5060589.28,
            5197781.159999999,
            5328401.800000001,
            5452132.800000002,
            5577931.04,
            5690063.680000002,
            5816352.760000003,
            5949079.419999998,
            6075871.8,
            6199318,
            6334217.279999999,
            6469877.12,
            6612043,
            6757363.5,
            6910909.720000001,
            7062999,
            7217036.040000001,
            7368442.520000001,
            7535123.4,
            7716269.300000001,
            7931354.199999997,
            8263625.52,
            8675976.92,
            9110561.899999997,
            9517373.959999999,
            9935964.82,
            1.0348213319999997E7,
            1.0951615840000002E7,
            1.17329174E7,
            1.255881164E7,
            1.328145772E7,
            1.39240289E7,
            1.4625019519999992E7,
            1.53844985E7,
            1.683391247999999E7,
            1.8728479179999992E7,
            2.0162256240000002E7,
            2.2225375159999944E7
         ],
         "maxValue": 2.9146699E7
      },
      "rp": {
         "averageValue": 63.06483195129552,
         "minValue": 0,
         "percentiles": [
            4,
            10,
            14,
            17,
            19,
            22,
            24,
            25,
            27,
            29,
            30,
            31,
            33,
            34,
            35,
            36,
            37,
            38,
            40,
            41,
            42,
            43,
            44,
            45,
            46,
            47,
            48,
            48,
            49,
            50,
            51,
            52,
            53,
            54,
            54,
            55,
            56,
            57,
            57,
            58,
            59,
            60,
            60,
            61,
            62,
            62,
            63,
            64,
            65,
            65,
            66,
            67,
            67,
            68,
            69,
            69,
            70,
            71,
            71,
            72,
            72,
            73,
            74,
            74,
            75,
            75,
            76,
            77,
            77,
            78,
            79,
            79,
            80,
            81,
            81,
            82,
            83,
            84,
            84,
            85,
            86,
            87,
            87,
            88,
            89,
            90,
            91,
            92,
            93,
            93,
            94,
            95,
            96,
            97,
            99,
            100,
            102,
            106,
            112
         ],
         "maxValue": 299
      },
      "ra": {
         "averageValue": 3809361.1644857414,
         "minValue": 0,
         "percentiles": [
            3319,
            20553.120000000003,
            52074.36,
            103506.72000000002,
            149056.3,
            189160.72,
            221431.42,
            257959,
            287766.07999999996,
            318288.2,
            355762.30000000005,
            400062.32,
            445112,
            488819,
            533870.8999999999,
            577281.92,
            621490.02,
            667067.6399999997,
            709425.14,
            753737.4,
            797711,
            833386.8800000001,
            878860,
            923628.2,
            972898,
            1021114.56,
            1067776,
            1112735,
            1157895.44,
            1203229.4,
            1248827.8599999999,
            1296569.6800000002,
            1347813,
            1397079.04,
            1445379.2999999998,
            1493772.9599999995,
            1543075,
            1593796.4000000001,
            1645772.34,
            1699059,
            1752260,
            1807286,
            1862580.7399999998,
            1918448.6400000001,
            1976633,
            2038082.52,
            2099082.92,
            2156996.52,
            2213132,
            2271483,
            2329039.24,
            2386237.6000000006,
            2445454,
            2506909.48,
            2570303.9000000004,
            2637603.72,
            2706733.26,
            2781135.92,
            2857581.4000000004,
            2936566.1999999993,
            3018146.66,
            3107022.7199999997,
            3197391.34,
            3289043.200000005,
            3383310.3000000007,
            3481795.8,
            3585081.06,
            3696115.8000000007,
            3814278.8399999994,
            3933914.2,
            4052069.04,
            4177370.32,
            4322649.039999999,
            4473891.4399999995,
            4637534,
            4818017.840000001,
            5010652.200000001,
            5209603.040000001,
            5418785.92,
            5623963.000000001,
            5826314.180000002,
            6044883,
            6284488.82,
            6561850.280000002,
            6867069.1,
            7206579.239999998,
            7594747.18,
            8029683.400000001,
            8559649.100000001,
            9328288.400000006,
            1.0319023559999999E7,
            1.1396846120000001E7,
            1.232893364E7,
            1.3252692119999997E7,
            1.4202178399999997E7,
            1.542998948E7,
            1.726085439999998E7,
            1.9175156799999993E7,
            2.1901693839999996E7
         ],
         "maxValue": 3.2205512E7
      }
   },
   "crs": "3035",
   "tileSizeCell": 128,
   "originPoint": {
      "x": 0,
      "y": 0
   },
   "resolutionGeo": 1000,
   "tilingBounds": {
      "yMin": 7,
      "yMax": 42,
      "xMax": 50,
      "xMin": 7
   }
}