{
   "dims": {
      "2018": {
         "averageValue": 38346.17384843982,
         "minValue": 0,
         "percentiles": [
            0,
            4,
            11.019999999999982,
            25,
            42,
            65.03999999999996,
            91,
            124,
            168,
            210,
            266.74,
            343.0799999999999,
            416.4200000000001,
            501,
            611,
            721.8800000000001,
            841.7800000000002,
            964,
            1121.38,
            1255.2000000000007,
            1436,
            1590.48,
            1758,
            1962.3199999999997,
            2150,
            2332,
            2543,
            2761,
            2998,
            3248.2,
            3510.54,
            3804.5200000000004,
            4091.2200000000003,
            4413,
            4757.5999999999985,
            5068.959999999999,
            5463,
            5826.68,
            6163.040000000001,
            6586.4000000000015,
            7032.759999999998,
            7446.839999999999,
            7935.24,
            8360.8,
            8835.2,
            9332.840000000002,
            9849.839999999997,
            10324.64,
            10798.599999999999,
            11353,
            11906.36,
            12432.36,
            12993,
            13699.080000000002,
            14251.800000000003,
            14907.04,
            15556.319999999989,
            16347.479999999994,
            17133.719999999994,
            17919.999999999996,
            18687.48,
            19439.239999999998,
            20304.42,
            21115.600000000002,
            22091.5,
            23177.760000000002,
            24065.56,
            25009.120000000003,
            26116.219999999994,
            27247.199999999997,
            28477.679999999993,
            29811.92,
            31246.559999999998,
            32889.119999999995,
            34191.5,
            36006.56,
            37672.8,
            39383.12,
            41178.32000000001,
            43685.600000000006,
            45993.26000000002,
            48447.43999999999,
            51135.44,
            54093.399999999994,
            58148.299999999996,
            62658.92,
            67380.9,
            72500.52,
            78503.34000000001,
            84887.80000000003,
            92361.58,
            100498.12000000004,
            112929.08000000007,
            126628.4799999999,
            147397,
            175479.67999999996,
            215575.91999999993,
            282400.4799999998,
            435692.23999999993
         ],
         "maxValue": 3770153
      },
      "2006": {
         "averageValue": 37839.088007227285,
         "minValue": 1,
         "percentiles": [
            5,
            13,
            28,
            46,
            70.20000000000005,
            101,
            132,
            179,
            225,
            281,
            364,
            438.0799999999999,
            519,
            619.7600000000002,
            731.5999999999999,
            855,
            972.8400000000006,
            1119,
            1281,
            1445.4000000000005,
            1606.5599999999995,
            1787.96,
            1981.3200000000002,
            2142,
            2341,
            2569,
            2811.720000000001,
            3036,
            3290.3599999999997,
            3569,
            3871.3199999999997,
            4169.88,
            4477.4400000000005,
            4800,
            5121.799999999999,
            5490,
            5864.5599999999995,
            6269,
            6631,
            7054.600000000002,
            7470.319999999999,
            7897.6799999999985,
            8311,
            8740.92,
            9144.2,
            9653,
            10187.96,
            10637.64,
            11200.599999999999,
            11708,
            12378.36,
            12928.04,
            13507.160000000003,
            14083.440000000002,
            14749.000000000004,
            15425.120000000003,
            16064.319999999989,
            16785.159999999996,
            17541.92,
            18240.8,
            18992.48,
            19828.16,
            20644.68,
            21607.800000000003,
            22521.4,
            23383.160000000007,
            24364.520000000004,
            25344.200000000008,
            26427.879999999997,
            27498.999999999993,
            28636.11999999998,
            29849.879999999997,
            31272.6,
            32740.76,
            34295,
            35851.36,
            37714.000000000015,
            39635.600000000006,
            41480.44,
            43789.2,
            45908.24000000003,
            48282.03999999999,
            50556.72,
            53929.55999999998,
            57835.2,
            61580.59999999999,
            66642.72,
            70980.44,
            77213.8,
            83073.2,
            91201.68000000001,
            99602.92000000006,
            111193.8000000001,
            124600.99999999983,
            143942.19999999992,
            171933.67999999993,
            213248.83999999985,
            274944.6,
            425047.27999999985
         ],
         "maxValue": 3595882
      },
      "2011": {
         "averageValue": 38062.85083267815,
         "minValue": 1,