{
   "dims": {
      "imputed": {
         "averageValue": 4.856962639754204,
         "minValue": 0,
         "percentiles": [
            1,
            1,
            1,
            1,
            1,
            1,
            1,
            1,
            1,
            1,
            1,
            1,
            1,
            1,
            1,
            1,
            2,
            2,
            2,
            2,
            2,
            2,
            2,
            2,
            2,
            2,
            2,
            2,
            2,
            2,
            2,
            3,
            3,
            3,
            3,
            3,
            3,
            3,
            3,
            3,
            3,
            3,
            3,
            3,
            4,
            4,
            4,
            4,
            4,
            4,
            4,
            4,
            4,
            4,
            4,
            5,
            5,
            5,
            5,
            5,
            5,
            5,
            5,
            5,
            5,
            6,
            6,
            6,
            6,
            6,
            6,
            6,
            6,
            7,
            7,
            7,
            7,
            7,
            7,
            8,
            8,
            8,
            8,
            8,
            9,
            9,
            9,
            9,
            10,
            10,
            10,
            11,
            11,
            11,
            12,
            12,
            13,
            14,
            16
         ],
         "maxValue": 25
      },
      "Log_soc": {
         "averageValue": 11.477827355551847,
         "minValue": 0,
         "percentiles": [
            0,
            0,
            0,
            0,
            0,
            0,
            0,
            0,
            0,
            0,
            0,
            0,
            0,
            0,
            0,
            0,
            0,
            0,
            0,
            0,
            0,
            0,
            0,
            0,
            0,
            0,
            0,
            0,
            0,
            0,
            0,
            0,
            0,
            0,
            0,
            0,
            0,
            0,
            0,
            0,
            0,
            0,
            0,
            0,
            0,
            0,
            0,
            0,
            0,
            0,
            0,
            0,
            0,
            0,
            0,
            0,
            0,
            0,
            0,
            0,
            0,
            0,
            0,
            0,
            0,
            0,
            0,
            0,
            0,
            0,
            0,
            0,
            0,
            0,
            0,
            0,
            0,
            0,
            0,
            0,
            0,
            0,
            0,
            0,
            0,
            0,
            0,
            0,
            0.4,
            1.4,
            3.1,
            6,
            9,
            14,
            21,
            33,
            56,
            111,
            282
         ],
         "maxValue": 9320
      },
      "Log_inc": {
         "averageValue": 0.18808462063667739,
         "minValue": 0,
         "percentiles": [
            0,
            0,
            0,
            0,
            0,
            0,
            0,
            0,
            0,
            0,
            0,
            0,
            0,
            0,
            0,
            0,
            0,
            0,
            0,
            0,
            0,
            0,
            0,
            0,
            0,
            0,
            0,
            0,
            0,
            0,
            0,
            0,
            0,
            0,
            0,
            0,
            0,
            0,
            0,
            0,
            0,
            0,
            0,
            0,
            0,
            0,
            0,
            0,
            0,
            0,
            0,
            0,
            0,
            0,
            0,
            0,
            0,
            0,
            0,
            0,
            0,
            0,
            0,
            0,
            0,
            0,
            0,
            0,
            0,
            0,
            0,
            0,
            0,
            0,
            0,
            0,
            0,
            0,
            0,
            0,
            0,
            0,
            0,
            0,
            0,
            0,
            0,
            0,
            0,
            0,
            0.1,
            0.3,
            0.7,
            1,
            1,
            1,
            1.1,
            2,
            3.9
         ],
         "maxValue": 287
      },
      "Log_av45": {
         "averageValue": 20.25735603183544,
         "minValue": 0,
         "percentiles": [
            0,
            0,
            0.1,
            0.2,
            0.3,
            0.3,
            0.4,
            0.4,
            0.5,
            0.5,
            0.6,
            0.6,
            0.7,
            0.8,
            0.8,
            0.9,
            0.9,
            1,
            1,
            1.1,
            1.2,
            1.2,
            1.3,
            1.4,
            1.5,
            1.6,
            1.7,
            1.8,
            1.8,
            1.9,
            2,
            2.1,
            2.2,
            2.3,
            2.4,
            2.5,
            2.6,
            2.7,
            2.8,
            2.9,
            3,
            3.1,
            3.2,
            3.4,
            3.5,
            3.6,
            3.8,
            3.9,
            4,
            4.1,
            4.3,
            4.5,
            4.7,
            4.8,
            5,
            5.1,
            5.3,
            5.5,
            5.8,
            5.9,
            6,
            6.3,
            6.6,
            6.9,
            7,
            7.2,
            7.7,
            8,
            8.1,
            8.6,
            9,
            9.1,
            9.9,
            10,
            10.8,
            11,
            11.9,
            12.1,
            13,
            13.8,
            14.3,
            15.1,
            16.1,
            17.5,
            18.9,
            20.1,
            22,
            24,
            26.1,
            29,
            32.1,
            36.1,
            41.8,
            48.1,
            57.2,
            71,
            93,
            138,
            264.9
         ],
         "maxValue": 21254
      },
      "Log_ap90": {
         "averageValue": 21.226237251425303,
         "minValue": 0,