{
   "dims": {
      "avg_time_nearest_h": {
         "averageValue": 19.670289608850446,
         "minValue": 0,
         "percentiles": [
            3,
            4,
            4,
            5,
            5,
            6,
            6,
            6,
            7,
            7,
            7,
            8,
            8,
            8,
            8,
            9,
            9,
            9,
            9,
            10,
            10,
            10,
            10,
            11,
            11,
            11,
            11,
            11,
            12,
            12,
            12,
            12,
            12,
            13,
            13,
            13,
            13,
            14,
            14,
            14,
            14,
            14,
            15,
            15,
            15,
            15,
            16,
            16,
            16,
            16,
            17,
            17,
            17,
            17,
            18,
            18,
            18,
            18,
            19,
            19,
            19,
            20,
            20,
            20,
            20,
            21,
            21,
            22,
            22,
            22,
            23,
            23,
            24,
            24,
            24,
            25,
            25,
            26,
            26,
            27,
            28,
            28,
            29,
            30,
            31,
            31,
            32,
            33,
            35,
            36,
            37,
            39,
            40,
            43,
            45,
            48,
            52,
            59,
            71
         ],
         "maxValue": 327
      },
      "TOT_P": {
         "averageValue": 224.25702351745053,
         "minValue": 0,
         "percentiles": [
            0,
            0,
            0,
            0,
            0,
            0,
            0,
            0,
            0,
            1,
            1,
            1,
            1,
            1,
            2,
            2,
            2,
            2,
            3,
            3,
            3,
            3,
            3,
            4,
            4,
            4,
            5,
            5,
            5,
            6,
            6,
            6,
            7,
            7,
            8,
            8,
            9,
            9,
            10,
            11,
            11,
            12,
            13,
            13,
            14,
            15,
            16,
            17,
            18,
            19,
            20,
            21,
            23,
            24,
            25,
            27,
            29,
            30,
            32,
            34,
            36,
            39,
            41,
            44,
            46,
            50,
            53,
            56,
            60,
            65,
            69,
            74,
            80,
            86,
            92,
            100,
            108,
            116,
            126,
            137,
            150,
            164,
            179,
            197,
            218,
            241,
            269,
            302,
            341,
            389,
            447,
            521,
            618,
            751,
            935,
            1214,
            1660,
            2449,
            4054
         ],
         "maxValue": 52767
      }
   },
   "crs": "3035",
   "tileSizeCell": 128,
   "originPoint": {
      "x": 0,
      "y": 0
   },
   "resolutionGeo": 1000,
   "tilingBounds": {
      "yMin": 7,
      "yMax": 42,
      "xMax": 50,
      "xMin": 7
   }
}