{
   "dims": {
      "avg_time_nearest_ep": {
         "averageValue": 6.901624131491766,
         "minValue": 0,
         "percentiles": [
            0.6,
            0.9,
            1.1,
            1.3,
            1.4,
            1.5,
            1.7,
            1.8,
            1.9,
            2,
            2.1,
            2.2,
            2.3,
            2.3,
            2.4,
            2.5,
            2.6,
            2.7,
            2.8,
            2.8,
            2.9,
            3,
            3.1,
            3.2,
            3.2,
            3.3,
            3.4,
            3.5,
            3.5,
            3.6,
            3.7,
            3.8,
            3.8,
            3.9,
            4,
            4.1,
            4.1,
            4.2,
            4.3,
            4.4,
            4.5,
            4.6,
            4.6,
            4.7,
            4.8,
            4.9,
            5,
            5.1,
            5.2,
            5.3,
            5.3,
            5.4,
            5.5,
            5.6,
            5.7,
            5.8,
            5.9,
            6.1,
            6.2,
            6.3,
            6.4,
            6.5,
            6.7,
            6.8,
            6.9,
            7.1,
            7.2,
            7.3,
            7.5,
            7.7,
            7.8,
            8,
            8.2,
            8.4,
            8.6,
            8.8,
            9,
            9.2,
            9.5,
            9.7,
            10,
            10.3,
            10.6,
            10.9,
            11.3,
            11.6,
            12,
            12.5,
            13,
            13.5,
            14.1,
            14.8,
            15.6,
            16.5,
            17.7,
            19.1,
            21,
            23.9,
            29.5
         ],
         "maxValue": 269.7
      },
      "avg_time_nearest_h": {
         "averageValue": 19.670289608850446,
         "minValue": 0,
         "percentiles": [
            3,
            4,
            4,
            5,
            5,
            6,
            6,
            6,
            7,
            7,
            7,
            8,
            8,
            8,
            8,
            9,
            9,
            9,
            9,
            10,
            10,
            10,
            10,
            11,
            11,
            11,
            11,
            11,
            12,
            12,
            12,
            12,
            12,
            13,
            13,
            13,
            13,
            14,
            14,
            14,
            14,
            14,
            15,
            15,
            15,
            15,
            16,
            16,
            16,
            16,
            17,
            17,
            17,
            17,
            18,
            18,
            18,
            18,
            19,
            19,
            19,
            20,
            20,
            20,
            20,
            21,
            21,
            22,
            22,
            22,
            23,
            23,
            24,
            24,
            24,
            25,
            25,
            26,
            26,
            27,
            28,
            28,
            29,
            30,
            31,
            31,
            32,
            33,
            35,
            36,
            37,
            39,
            40,
            43,
            45,
            48,
            52,
            59,
            71
         ],
         "maxValue": 327
      },
      "TOT_P": {
         "averageValue": 224.25702351745053,
         "minValue": 0,
         "percentiles": [
            0,
            0,
            0,
            0,
            0,
            0,
            0,
            0,
            0,
            1,
            1,
            1,
            1,
            1,
            2,
            2,
            2,
            2,
            3,
            3,
            3,
            3,
            3,
            4,
            4,
            4,
            5,
            5,
            5,
            6,
            6,
            6,
            7,
            7,
            8,
            8,
            9,
            9,
            10,
            11,
            11,
            12,
            13,
            13,
            14,
            15,
            16,
            17,
            18,
            19,
            20,
            21,
            23,
            24,
            25,
            27,
            29,
            30,
            32,
            34,
            36,
            39,
            41,
            44,
            46,
            50,
            53,
            56,
            60,
            65,
            69,
            74,
            80,
            86,
            92,
            100,
            108,
            116,
            126,
            137,
            150,
            164,
            179,
            197,
            218,
            241,
            269,
            302,
            341,
            389,
            447,
            521,
            618,
            751,
            935,
            1214,
            1660,
            2449,
            4054
         ],
         "maxValue": 52767
      }
   },
   "crs": "3035",
   "tileSizeCell": 128,
   "originPoint": {
      "x": 0,
      "y": 0
   },
   "resolutionGeo": 1000,
   "tilingBounds": {
      "yMin": 7,
      "yMax": 42,
      "xMax": 50,
      "xMin": 7
   }
}