{
   "dims": {
      "imputed": {
         "averageValue": 82.57034686012243,
         "minValue": 0,
         "percentiles": [
            2,
            4,
            6,
            8,
            10,
            12,
            13,
            15,
            17,
            18,
            20,
            21,
            23,
            24,
            25,
            26,
            28,
            29,
            31,
            32,
            33,
            34,
            35.88000000000011,
            37,
            38,
            39,
            41,
            42,
            43,
            44,
            46,
            47,
            48,
            49,
            51,
            52,
            53,
            55,
            56,
            57,
            59,
            60,
            62,
            63,
            65,
            66,
            68,
            69,
            71,
            72,
            73,
            75,
            76,
            78,
            80,
            81,
            83,
            84,
            86,
            88,
            90,
            91,
            93,
            95,
            97,
            99,
            100,
            102,
            104,
            106,
            108,
            110,
            112,
            114,
            116,
            118,
            121,
            123,
            126,
            128,
            131,
            134,
            137,
            140,
            143,
            147,
            150,
            155,
            159,
            163,
            168,
            172,
            178,
            184,
            191,
            200,
            210,
            223,
            246
         ],
         "maxValue": 411
      },
      "Log_soc": {
         "averageValue": 195.12774880979242,
         "minValue": 0,
         "percentiles": [
            0,
            0,
            0,
            0,
            0,
            0,
            0,
            0,
            0,
            0,
            0,
            0,
            0,
            0,
            0,
            0,
            0,
            0,
            0,
            0,
            0,
            0,
            0,
            0,
            0,
            0,
            0,
            0,
            0,
            0,
            0,
            0,
            0,
            0,
            0,
            0,
            0,
            0,
            0,
            0.1,
            0.8,
            1,
            1,
            1.8,
            2,
            2.1,
            3,
            3.1,
            4,
            4,
            5,
            5,
            6,
            6.2,
            7,
            8,
            8.9,
            9.3,
            10.1,
            11,
            12,
            13.3,
            14.9,
            16,
            17,
            18.1,
            19.9,
            21.2,
            23,
            25,
            27,
            29,
            31.76399999999976,
            34.1,
            37,
            40,
            43.0119999999999,
            47,
            52,
            57,
            62,
            68.38399999999966,
            75.9,
            83.1,
            93.05999999999985,
            105.01599999999999,
            118,
            135,
            156,
            181.6800000000003,
            215,
            263,
            324.9,
            412.57599999999945,
            577.6000000000022,
            788.4439999999969,
            1203,
            1977.640000000003,
            4259.511999999981
         ],
         "maxValue": 81697
      },
      "Log_inc": {
         "averageValue": 3.1975153026524383,
         "minValue": 0,
         "percentiles": [
            0,
            0,
            0,
            0,
            0,
            0,
            0,
            0,
            0,
            0,
            0,
            0,
            0,
            0,
            0,
            0,
            0,
            0,
            0,
            0,
            0,
            0,
            0,
            0,
            0,
            0,
            0,
            0,
            0,
            0,
            0,
            0,
            0,
            0,
            0,
            0,
            0,
            0,
            0,
            0,
            0,
            0,
            0,
            0,
            0,
            0,
            0,
            0,
            0,
            0,
            0.1,
            0.3,
            0.6,
            0.7,
            0.8,
            0.9,
            1,
            1,
            1,
            1,
            1,
            1,
            1,
            1,
            1,
            1,
            1.1,
            1.1,
            1.2,
            1.2,
            1.4,
            1.7,
            1.9,
            2,
            2,
            2,
            2,
            2.1,
            2.2,
            2.6,
            2.9,
            3,
            3,
            3.2,
            3.8,
            4,
            4.1,
            4.9,
            5,
            5.9,
            6.2,
            7.1,
            8.1,
            9.7,
            11.9,
            14.7,
            19,
            27,
            49
         ],
         "maxValue": 992.1
      },
      "Log_av45": {
         "averageValue": 344.3833189752896,
         "minValue": 0,
         "percentiles": [
            0.9,
            2.4,
            4.6,
            7.5,
            11,
            14.335999999999991,
            17.4,
            20.9,
            24.403999999999996,
            27.7,
            31.1,
            34.4,
            38.2,
            41.1,
            44.1,
            47.4,
            50.4,
            53.4,
            56.26400000000003,
            59.2,
            62.17600000000002,
            65.5,
            68.1,
            71.1,
            73.9,
            76.6,
            79.3,
            81.8,
            84.5,
            87.18000000000002,
            89.8,
            92.4,
            94.9,
            97.3,
            100,
            102.7,
            105,
            107.8,
            110.9,
            113.7,
            116.1,
            118.4,
            121.2,
            123.9,
            126.7,
            129.7,
            132.5,
            135.38799999999992,
            138.3,
            141.1,
            144,
            147.3,
            150.6,
            153.8,
            157.1,
            160.2,
            164,
            167.94799999999995,
            171.8,
            176,
            179.9,
            184.1,
            188.9,
            193.7,
            197.83999999999997,
            202.4,
            207.5,
            213,
            218.36399999999995,
            223.8,
            229.9,
            236.7,
            243.2,
            250.14400000000003,
            258.2,
            265.6,
            274.1,
            283.8,
            292.6,
            302.6,
            314.4,
            325.8919999999998,
            339.9959999999999,
            356.3,
            373.15999999999985,
            390.8,
            413.7,
            439.95599999999973,
            468.684,
            499.2400000000001,
            540.9,
            588.052,
            649.1080000000002,
            725.6559999999997,
            830.6200000000001,
            976.6839999999985,
            1262.9799999999996,
            1862.716000000003,
            3363.059999999985
         ],
         "maxValue": 191141
      },
      "Log_ap90": {
         "averageValue": 360.8546950804798,
         "minValue": 0,