{
   "dims": {
      "imputed": {
         "averageValue": 4.853976952857146,
         "minValue": 0,
         "percentiles": [
            1,
            1,
            1,
            1,
            1,
            1,
            1,
            1,
            1,
            1,
            1,
            1,
            1,
            1,
            1,
            1,
            2,
            2,
            2,
            2,
            2,
            2,
            2,
            2,
            2,
            2,
            2,
            2,
            2,
            2,
            3,
            3,
            3,
            3,
            3,
            3,
            3,
            3,
            3,
            3,
            3,
            3,
            3,
            4,
            4,
            4,
            4,
            4,
            4,
            4,
            4,
            4,
            4,
            4,
            4,
            5,
            5,
            5,
            5,
            5,
            5,
            5,
            5,
            5,
            5,
            6,
            6,
            6,
            6,
            6,
            6,
            6,
            6,
            7,
            7,
            7,
            7,
            7,
            7,
            8,
            8,
            8,
            8,
            8,
            9,
            9,
            9,
            9,
            10,
            10,
            10,
            10,
            11,
            11,
            12,
            12,
            13,
            14,
            16
         ],
         "maxValue": 25
      },
      "Log_soc": {
         "averageValue": 11.70971405854373,
         "minValue": 0,
         "percentiles": [
            0,
            0,
            0,
            0,
            0,
            0,
            0,
            0,
            0,
            0,
            0,
            0,
            0,
            0,
            0,
            0,
            0,
            0,
            0,
            0,
            0,
            0,
            0,
            0,
            0,
            0,
            0,
            0,
            0,
            0,
            0,
            0,
            0,
            0,
            0,
            0,
            0,
            0,
            0,
            0,
            0,
            0,
            0,
            0,
            0,
            0,
            0,
            0,
            0,
            0,
            0,
            0,
            0,
            0,
            0,
            0,
            0,
            0,
            0,
            0,
            0,
            0,
            0,
            0,
            0,
            0,
            0,
            0,
            0,
            0,
            0,
            0,
            0,
            0,
            0,
            0,
            0,
            0,
            0,
            0,
            0,
            0,
            0,
            0,
            0,
            0,
            0,
            0,
            0.8,
            2,
            4,
            6,
            10,
            15,
            22,
            35,
            59,
            115,
            286.90200000000186
         ],
         "maxValue": 9330
      },
      "Log_inc": {
         "averageValue": 0.21424237653983227,
         "minValue": 0,
         "percentiles": [
            0,
            0,
            0,
            0,
            0,
            0,
            0,
            0,
            0,
            0,
            0,
            0,
            0,
            0,
            0,
            0,
            0,
            0,
            0,
            0,
            0,
            0,
            0,
            0,
            0,
            0,
            0,
            0,
            0,
            0,
            0,
            0,
            0,
            0,
            0,
            0,
            0,
            0,
            0,
            0,
            0,
            0,
            0,
            0,
            0,
            0,
            0,
            0,
            0,
            0,
            0,
            0,
            0,
            0,
            0,
            0,
            0,
            0,
            0,
            0,
            0,
            0,
            0,
            0,
            0,
            0,
            0,
            0,
            0,
            0,
            0,
            0,
            0,
            0,
            0,
            0,
            0,
            0,
            0,
            0,
            0,
            0,
            0,
            0,
            0,
            0,
            0,
            0,
            0,
            0.1,
            0.2,
            0.6,
            0.9,
            1,
            1,
            1,
            1.4,
            2,
            4
         ],
         "maxValue": 310
      },
      "Log_av45": {
         "averageValue": 20.139208424828016,
         "minValue": 0,
         "percentiles": [
            0,
            0,
            0.1,
            0.2,
            0.3,
            0.3,
            0.4,
            0.4,
            0.5,
            0.5,
            0.6,
            0.6,
            0.7,
            0.8,
            0.8,
            0.9,
            0.9,
            1,
            1,
            1.1,
            1.2,
            1.2,
            1.3,
            1.4,
            1.5,
            1.6,
            1.7,
            1.8,
            1.8,
            1.9,
            2,
            2.1,
            2.1,
            2.3,
            2.4,
            2.5,
            2.6,
            2.7,
            2.8,
            2.9,
            3,
            3.1,
            3.2,
            3.3,
            3.5,
            3.6,
            3.8,
            3.9,
            4,
            4.1,
            4.3,
            4.5,
            4.7,
            4.8,
            5,
            5.1,
            5.2,
            5.5,
            5.8,
            5.9,
            6,
            6.2,
            6.6,
            6.9,
            7,
            7.2,
            7.7,
            7.9,
            8.1,
            8.6,
            9,
            9.1,
            9.8,
            10,
            10.7,
            11,
            11.8,
            12.1,
            13,
            13.8,
            14.2,
            15.1,
            16.1,
            17.2,
            18.9,
            20.1,
            21.9,
            23.9,
            26,
            29,
            32,
            36.1,
            41.1,
            48,
            57,
            70.9,
            92.9,
            137.1,
            262
         ],
         "maxValue": 21146
      },
      "Log_ap90": {
         "averageValue": 21.747834160887695,
         "minValue": 0,