{
   "dims": {"value": {
      "averageValue": 1592971.247329516,
      "minValue": 2,
      "percentiles": [
         2648,
         5932,
         9580,
         13654.720000000001,
         17670.5,
         22476,
         26953.38,
         31010,
         35814,
         40731.2,
         45572.02,
         50412.64,
         55204,
         59837.68000000004,
         64925.200000000004,
         70408,
         75613.12,
         81179.55999999998,
         86940,
         92568.79999999999,
         98384,
         104205.95999999999,
         109813.64,
         116348,
         122624,
         129602,
         136754.36,
         144040,
         151560,
         158746.4,
         166381.56,
         174322.64,
         182452.88,
         191637.12,
         200290.1,
         208890.19999999998,
         217231.58000000002,
         227072,
         236851.12000000002,
         247600,
         258783.88,
         270092.39999999997,
         282430,
         294879.36,
         308324,
         321104,
         335275.47999999986,
         350867.24,
         365879.19999999995,
         382764,
         399907.90000000014,
         416844.48,
         434448.9400000002,
         453956,
         473356,
         495424.3200000017,
         519861.67999999993,
         543221.1199999998,
         569036,
         597246,
         625977.76,
         659774.4000000001,
         692657.96,
         724769.2000000001,
         763653.2999999999,
         803981.6000000001,
         847773.6000000001,
         892124.48,
         938989.9799999999,
         990591.6000000003,
         1047150,
         1103796,
         1168422.9599999997,
         1239722.2400000002,
         1317417.5,
         1396368.3999999997,
         1478892.820000002,
         1575410.9600000002,
         1685237.56,
         1800768,
         1922739.620000003,
         2058642.8799999978,
         2199533.6200000006,
         2366740.96,
         2561500.599999998,
         2772644.72,
         2992460.920000001,
         3267329.5199999996,
         3599315.319999999,
         3926299.6,
         4294737.960000001,
         4817527.4799999995,
         5464872.1000000015,
         6238001.439999995,
         7140876.2,
         8185501.4,
         9808941.019999994,
         1.3171805599999938E7,
         1.852919160000008E7
      ],
      "maxValue": 5.0118634E7
   }},
   "crs": "3035",
   "tileSizeCell": 128,
   "originPoint": {
      "x": 0,
      "y": 0
   },
   "resolutionGeo": 2000,
   "tilingBounds": {
      "yMin": 5,
      "yMax": 19,
      "xMax": 22,
      "xMin": 10
   }
}