{
   "dims": {
      "2018": {
         "averageValue": 205828.51310292442,
         "minValue": 0,
         "percentiles": [
            3.34,
            43,
            123,
            218.44,
            372.70000000000016,
            500.03999999999996,
            661.38,
            886.72,
            1161.06,
            1399.4000000000003,
            1690.66,
            2021.9999999999989,
            2616.52,
            3061.3600000000015,
            3489.3999999999987,
            4221.28,
            4930.040000000001,
            5808.160000000001,
            7084.0199999999995,
            8063.800000000001,
            9278.06,
            10296.600000000002,
            11517.620000000006,
            12553.199999999997,
            13991,
            15637.720000000001,
            17228.020000000004,
            18686.200000000004,
            20267.659999999993,
            21885.8,
            23863.139999999996,
            25964,
            28665.460000000006,
            30647.96,
            33669.2,
            36662.28,
            39545.98,
            41245.91999999999,
            43717,
            47205.600000000006,
            49619.34,
            52394.28,
            55118.35999999999,
            60389.280000000006,
            63320.499999999985,
            66647.08000000002,
            70032.20000000001,
            73508.79999999999,
            76950.68000000002,
            79824,
            83899.68,
            88382.4,
            91339.57999999999,
            97494.32000000008,
            102033.8,
            106036.24,
            109499.62,
            114674.04,
            119441.21999999999,
            124185.19999999994,
            129548.36,
            134421.75999999998,
            138637.48000000004,
            144923.2,
            150703,
            155546.24000000005,
            161711.32,
            166437.32000000004,
            170681.59999999998,
            178542.59999999998,
            187194.28,
            194767.04,
            202465.93999999994,
            209481.32,
            221508,
            231214.04,
            239762.34,
            248693.87999999998,
            261930.3600000001,
            273366.8000000001,
            280595.62,
            294656.91999999987,
            308067.12,
            323900.04,
            340590.9000000001,
            367060.1999999999,
            385537.27999999997,
            415192.36000000016,
            440615.60000000027,
            474580.3999999997,
            515948.44000000006,
            551479.4400000002,
            600501.6000000001,
            695877.4000000005,
            812527.799999999,
            995549.2399999998,
            1146655.8,
            1425510.8400000012,
            2092693.5399999965
         ],
         "maxValue": 8371753
      },
      "2006": {
         "averageValue": 201046.6424,
         "minValue": 1,
         "percentiles": [
            30.030000000000005,
            92.04,
            155.12,
            307.28000000000003,
            509.15000000000003,
            660.84,
            853,
            1122.0400000000002,
            1435.09,
            1710.2,
            1964.8100000000009,
            2276.6800000000003,
            2809.93,
            3176.220000000001,
            3723.15,
            4553.8,
            5417.740000000002,
            6322.6,
            7454.94,
            8331,
            9567.030000000002,
            10348.44,
            11510.130000000001,
            12588.16,
            13929.75,
            15420.66,
            16581.76000000001,
            18283.520000000004,
            19914.48,
            21758.8,
            23894.149999999998,
            25370.640000000003,
            27337.300000000003,
            29849.04,
            33296.94999999998,
            36189.8,
            38015.67,
            40294.42,
            43210.97,
            45707.600000000006,
            49678.12999999999,
            52706.96000000001,
            54459.30000000001,
            58107.8,
            60934.9,
            63654.04,
            67257.09,
            70499.16,
            74648.47,
            78220.5,
            83200.42,
            86074.4,
            90233.06999999999,
            95332.84000000005,
            99202.3,
            102341.36,
            106123.17,
            110667.9,
            115216.65999999996,
            119847.19999999997,
            126630.41999999998,
            131566.31999999998,
            137139.13000000003,
            141398.72,
            147511.40000000002,
            154592.64000000004,
            160640.09,
            165557.64,
            171975.02999999994,
            178997.6,
            185998.33999999997,
            193496.44000000003,
            201705.07,
            209828.86000000002,
            221268.75,
            228090.84,
            239327.78,
            251138.24,
            260639.63,
            271425.4000000001,
            282589.94000000006,
            291065.4999999999,
            306168.68999999994,
            319600.1600000001,
            340058.1,
            360609.62,
            382679.8599999999,
            403239.52,
            434365.61999999994,
            461193.00000000006,
            501234.2799999995,
            535592.92,
            597592.5700000005,
            675934.2000000003,
            812308.9999999998,
            928895.3600000001,
            1133767.9499999948,
            1413473.6,
            2028316.5899999777
         ],
         "maxValue": 7897224
      },
      "2011": {
         "averageValue": 203336.13822069493,
         "minValue": 1,