{
   "dims": {
      "avg_time_nearest_h": {
         "averageValue": 24.903391100944702,
         "minValue": 2,
         "percentiles": [
            5,
            6,
            6,
            7,
            7,
            8,
            8,
            8,
            9,
            9,
            9,
            10,
            10,
            10,
            11,
            11,
            11,
            11,
            12,
            12,
            12,
            12,
            13,
            13,
            13,
            13,
            14,
            14,
            14,
            14,
            15,
            15,
            15,
            15,
            16,
            16,
            16,
            17,
            17,
            17,
            17,
            18,
            18,
            18,
            18,
            19,
            19,
            19,
            20,
            20,
            20,
            21,
            21,
            21,
            22,
            22,
            22,
            23,
            23,
            23,
            24,
            24,
            25,
            25,
            25,
            26,
            26,
            27,
            27,
            28,
            28,
            29,
            29,
            30,
            31,
            31,
            32,
            33,
            34,
            34,
            35,
            36,
            37,
            38,
            39,
            40,
            42,
            43,
            44,
            46,
            48,
            50,
            52,
            55,
            59,
            63,
            69,
            79,
            97
         ],
         "maxValue": 293
      },
      "TOT_P": {
         "averageValue": 2987.8899939905505,
         "minValue": 0,
         "percentiles": [
            0,
            0,
            0,
            1,
            2,
            3,
            5,
            6,
            8,
            11,
            13,
            16,
            19,
            23,
            27,
            31,
            36,
            41,
            46,
            53,
            59,
            66,
            73,
            81,
            89,
            99,
            109,
            118,
            129,
            141,
            152,
            165,
            179.06000000000495,
            194,
            209,
            225,
            241,
            258,
            277,
            295,
            314,
            334,
            356,
            378,
            399,
            423,
            448,
            474,
            500,
            527,
            555,
            584,
            613,
            645,
            678,
            712,
            750,
            787,
            826,
            867,
            909,
            955,
            999,
            1048,
            1098.300000000003,
            1152,
            1209,
            1272,
            1334,
            1402,
            1473.2199999999866,
            1551,
            1634.859999999986,
            1725,
            1819,
            1924.320000000007,
            2036,
            2159,
            2292,
            2434,
            2606,
            2791,
            2997,
            3227,
            3488.6999999999825,
            3800,
            4159,
            4558,
            5014,
            5555.8000000000175,
            6243.619999999995,
            7141,
            8243.26000000001,
            9679,
            11704.49999999997,
            14523.720000000001,
            18982.540000000008,
            26664.79999999993,
            45454.5199999999
         ],
         "maxValue": 722991
      }
   },
   "crs": "3035",
   "tileSizeCell": 128,
   "originPoint": {
      "x": 0,
      "y": 0
   },
   "resolutionGeo": 5000,
   "tilingBounds": {
      "yMin": 1,
      "yMax": 8,
      "xMax": 10,
      "xMin": 1
   }
}