{
   "dims": {
      "avg_time_nearest_ep": {
         "averageValue": 9.145137395155711,
         "minValue": 0,
         "percentiles": [
            2.1,
            2.4,
            2.5,
            2.7,
            2.8,
            2.9,
            3,
            3,
            3.1,
            3.2,
            3.3,
            3.3,
            3.4,
            3.5,
            3.5,
            3.6,
            3.7,
            3.7,
            3.8,
            3.9,
            3.9,
            4,
            4,
            4.1,
            4.2,
            4.2,
            4.3,
            4.4,
            4.5,
            4.5,
            4.6,
            4.7,
            4.7,
            4.8,
            4.9,
            5,
            5.1,
            5.2,
            5.2,
            5.3,
            5.4,
            5.5,
            5.6,
            5.7,
            5.8,
            5.9,
            6,
            6.1,
            6.2,
            6.4,
            6.5,
            6.6,
            6.7,
            6.8,
            7,
            7.1,
            7.3,
            7.4,
            7.6,
            7.7,
            7.9,
            8,
            8.2,
            8.4,
            8.6,
            8.8,
            9,
            9.2,
            9.4,
            9.6,
            9.8,
            10.1,
            10.3,
            10.6,
            10.9,
            11.2,
            11.5,
            11.8,
            12.2,
            12.5,
            12.9,
            13.3,
            13.8,
            14.2,
            14.7,
            15.2,
            15.8,
            16.5,
            17.2,
            18.1,
            19,
            20.1,
            21.3,
            22.8,
            24.6,
            26.8,
            29.8,
            34.3,
            42.860999999998604
         ],
         "maxValue": 269.7
      },
      "avg_time_nearest_h": {
         "averageValue": 24.903391100944702,
         "minValue": 2,
         "percentiles": [
            5,
            6,
            6,
            7,
            7,
            8,
            8,
            8,
            9,
            9,
            9,
            10,
            10,
            10,
            11,
            11,
            11,
            11,
            12,
            12,
            12,
            12,
            13,
            13,
            13,
            13,
            14,
            14,
            14,
            14,
            15,
            15,
            15,
            15,
            16,
            16,
            16,
            17,
            17,
            17,
            17,
            18,
            18,
            18,
            18,
            19,
            19,
            19,
            20,
            20,
            20,
            21,
            21,
            21,
            22,
            22,
            22,
            23,
            23,
            23,
            24,
            24,
            25,
            25,
            25,
            26,
            26,
            27,
            27,
            28,
            28,
            29,
            29,
            30,
            31,
            31,
            32,
            33,
            34,
            34,
            35,
            36,
            37,
            38,
            39,
            40,
            42,
            43,
            44,
            46,
            48,
            50,
            52,
            55,
            59,
            63,
            69,
            79,
            97
         ],
         "maxValue": 293
      },
      "TOT_P": {
         "averageValue": 2987.8899939905505,
         "minValue": 0,
         "percentiles": [
            0,
            0,
            0,
            1,
            2,
            3,
            5,
            6,
            8,
            11,
            13,
            16,
            19,
            23,
            27,
            31,
            36,
            41,
            46,
            53,
            59,
            66,
            73,
            81,
            89,
            99,
            109,
            118,
            129,
            141,
            152,
            165,
            179.06000000000495,
            194,
            209,
            225,
            241,
            258,
            277,
            295,
            314,
            334,
            356,
            378,
            399,
            423,
            448,
            474,
            500,
            527,
            555,
            584,
            613,
            645,
            678,
            712,
            750,
            787,
            826,
            867,
            909,
            955,
            999,
            1048,
            1098.300000000003,
            1152,
            1209,
            1272,
            1334,
            1402,
            1473.2199999999866,
            1551,
            1634.859999999986,
            1725,
            1819,
            1924.320000000007,
            2036,
            2159,
            2292,
            2434,
            2606,
            2791,
            2997,
            3227,
            3488.6999999999825,
            3800,
            4159,
            4558,
            5014,
            5555.8000000000175,
            6243.619999999995,
            7141,
            8243.26000000001,
            9679,
            11704.49999999997,
            14523.720000000001,
            18982.540000000008,
            26664.79999999993,
            45454.5199999999
         ],
         "maxValue": 722991
      }
   },
   "crs": "3035",
   "tileSizeCell": 128,
   "originPoint": {
      "x": 0,
      "y": 0
   },
   "resolutionGeo": 5000,
   "tilingBounds": {
      "yMin": 1,
      "yMax": 8,
      "xMax": 10,
      "xMin": 1
   }
}