{
   "dims": {
      "avg_time_nearest_ep": {
         "averageValue": 12.715184717115648,
         "minValue": 0,
         "percentiles": [
            1.4,
            1.6,
            1.8,
            1.9,
            2,
            2.2,
            2.3,
            2.4,
            2.5,
            2.5,
            2.6,
            2.7,
            2.8,
            2.9,
            3,
            3.1,
            3.1,
            3.2,
            3.3,
            3.4,
            3.5,
            3.6,
            3.6,
            3.7,
            3.8,
            3.9,
            4,
            4,
            4.1,
            4.2,
            4.3,
            4.4,
            4.5,
            4.6,
            4.7,
            4.7,
            4.8,
            4.9,
            5,
            5.1,
            5.2,
            5.3,
            5.4,
            5.5,
            5.6,
            5.7,
            5.8,
            5.9,
            6.1,
            6.2,
            6.3,
            6.4,
            6.5,
            6.7,
            6.8,
            6.9,
            7.1,
            7.2,
            7.4,
            7.6,
            7.7,
            7.9,
            8.1,
            8.3,
            8.4,
            8.6,
            8.9,
            9.1,
            9.3,
            9.5,
            9.8,
            10,
            10.3,
            10.6,
            10.9,
            11.3,
            11.6,
            12,
            12.4,
            12.8,
            13.3,
            13.8,
            14.4,
            15,
            15.7,
            16.4,
            17.3,
            18.3,
            19.5,
            20.9,
            22.7,
            25.1,
            28.3,
            33.2,
            41,
            53.1,
            71.5,
            96.1,
            142.8
         ],
         "maxValue": 464.6
      },
      "avg_time_nearest_h": {
         "averageValue": 21.774620120629496,
         "minValue": 1,
         "percentiles": [
            4,
            5,
            5,
            6,
            6,
            7,
            7,
            8,
            8,
            8,
            8,
            9,
            9,
            9,
            10,
            10,
            10,
            10,
            11,
            11,
            11,
            11,
            12,
            12,
            12,
            12,
            12,
            13,
            13,
            13,
            13,
            14,
            14,
            14,
            14,
            14,
            15,
            15,
            15,
            15,
            16,
            16,
            16,
            16,
            17,
            17,
            17,
            17,
            18,
            18,
            18,
            18,
            19,
            19,
            19,
            20,
            20,
            20,
            20,
            21,
            21,
            21,
            22,
            22,
            23,
            23,
            23,
            24,
            24,
            24,
            25,
            25,
            26,
            26,
            27,
            27,
            28,
            29,
            29,
            30,
            31,
            31,
            32,
            33,
            34,
            35,
            36,
            37,
            38,
            39,
            41,
            43,
            45,
            47,
            50,
            53,
            58,
            65,
            81
         ],
         "maxValue": 322
      },
      "TOT_P": {
         "averageValue": 632.0362966945436,
         "minValue": 0,
         "percentiles": [
            0,
            0,
            0,
            0,
            0,
            0,
            1,
            1,
            2,
            2,
            3,
            3,
            4,
            4,
            5,
            5,
            6,
            7,
            7,
            8,
            9,
            10,
            11,
            12,
            13,
            14,
            16,
            17,
            18,
            20,
            21,
            23,
            25,
            26,
            28,
            30,
            33,
            35,
            37,
            40,
            42,
            45,
            48,
            51,
            54,
            57,
            60,
            64,
            68,
            72,
            76,
            80,
            85,
            90,
            95,
            100,
            106,
            112,
            118,
            125,
            132,
            139,
            147,
            156,
            165,
            174,
            185,
            195,
            207,
            219,
            233,
            248,
            263,
            281,
            299,
            319,
            342,
            366,
            393,
            423,
            456,
            493,
            536,
            584,
            637,
            698,
            769,
            853,
            953,
            1073,
            1222,
            1409,
            1653,
            1983,
            2448,
            3162,
            4310,
            6396,
            11129
         ],
         "maxValue": 163784
      }
   },
   "crs": "3035",
   "tileSizeCell": 128,
   "originPoint": {
      "x": 0,
      "y": 0
   },
   "resolutionGeo": 2000,
   "tilingBounds": {
      "yMin": 3,
      "yMax": 21,
      "xMax": 25,
      "xMin": 3
   }
}