{
   "dims": {
      "avg_time_nearest_h": {
         "averageValue": 21.774620120629496,
         "minValue": 1,
         "percentiles": [
            4,
            5,
            5,
            6,
            6,
            7,
            7,
            8,
            8,
            8,
            8,
            9,
            9,
            9,
            10,
            10,
            10,
            10,
            11,
            11,
            11,
            11,
            12,
            12,
            12,
            12,
            12,
            13,
            13,
            13,
            13,
            14,
            14,
            14,
            14,
            14,
            15,
            15,
            15,
            15,
            16,
            16,
            16,
            16,
            17,
            17,
            17,
            17,
            18,
            18,
            18,
            18,
            19,
            19,
            19,
            20,
            20,
            20,
            20,
            21,
            21,
            21,
            22,
            22,
            23,
            23,
            23,
            24,
            24,
            24,
            25,
            25,
            26,
            26,
            27,
            27,
            28,
            29,
            29,
            30,
            31,
            31,
            32,
            33,
            34,
            35,
            36,
            37,
            38,
            39,
            41,
            43,
            45,
            47,
            50,
            53,
            58,
            65,
            81
         ],
         "maxValue": 322
      },
      "TOT_P": {
         "averageValue": 632.0362966945436,
         "minValue": 0,
         "percentiles": [
            0,
            0,
            0,
            0,
            0,
            0,
            1,
            1,
            2,
            2,
            3,
            3,
            4,
            4,
            5,
            5,
            6,
            7,
            7,
            8,
            9,
            10,
            11,
            12,
            13,
            14,
            16,
            17,
            18,
            20,
            21,
            23,
            25,
            26,
            28,
            30,
            33,
            35,
            37,
            40,
            42,
            45,
            48,
            51,
            54,
            57,
            60,
            64,
            68,
            72,
            76,
            80,
            85,
            90,
            95,
            100,
            106,
            112,
            118,
            125,
            132,
            139,
            147,
            156,
            165,
            174,
            185,
            195,
            207,
            219,
            233,
            248,
            263,
            281,
            299,
            319,
            342,
            366,
            393,
            423,
            456,
            493,
            536,
            584,
            637,
            698,
            769,
            853,
            953,
            1073,
            1222,
            1409,
            1653,
            1983,
            2448,
            3162,
            4310,
            6396,
            11129
         ],
         "maxValue": 163784
      }
   },
   "crs": "3035",
   "tileSizeCell": 128,
   "originPoint": {
      "x": 0,
      "y": 0
   },
   "resolutionGeo": 2000,
   "tilingBounds": {
      "yMin": 3,
      "yMax": 21,
      "xMax": 25,
      "xMin": 3
   }
}