{
   "dims": {"elevation": {
      "averageValue": 505.6917922948074,
      "minValue": -3,
      "percentiles": [
         1.9800000000000004,
         4.960000000000001,
         15.579999999999984,
         18.92,
         21,
         23.879999999999995,
         25,
         31.840000000000003,
         35,
         37,
         50.78,
         58,
         62,
         64,
         67,
         74,
         84,
         90.64,
         93.62,
         96.20000000000002,
         99.58,
         102,
         107.53999999999999,
         112.51999999999998,
         117,
         120.48000000000002,
         122,
         127,
         133.42,
         140.4,
         144.76,
         148,
         157.68,
         163,
         166.29999999999998,
         173.28,
         180,
         189.72000000000003,
         195,
         201,
         208,
         213.48,
         221.27999999999997,
         235.72000000000003,
         252.10000000000002,
         260.71999999999986,
         274.06,
         290,
         297.0799999999999,
         309,
         322.96000000000004,
         329,
         339.94,
         352.68000000000006,
         364.90000000000003,
         370.88000000000005,
         377.85999999999996,
         385.67999999999995,
         407.28,
         415.40000000000003,
         428.78,
         448.8399999999999,
         462.22,
         488.72,
         515.1999999999999,
         539.36,
         564.98,
         575.2800000000001,
         611.0999999999997,
         640.1999999999998,
         659.5799999999999,
         671.12,
         696.1599999999999,
         714.6399999999999,
         735,
         760.2400000000002,
         815.2200000000003,
         836.88,
         850,
         861.0000000000002,
         894.9000000000003,
         929.7999999999997,
         959.7199999999998,
         994.96,
         1015,
         1069.079999999999,
         1129,
         1153.4,
         1199.6200000000006,
         1229.8000000000006,
         1263.18,
         1353,
         1394.4999999999995,
         1550.92,
         1666.900000000002,
         1773.0799999999963,
         1963.9999999999973,
         2168.7599999999993,
         2461.2799999999997
      ],
      "maxValue": 2950
   }},
   "crs": "3035",
   "tileSizeCell": 128,
   "originPoint": {
      "x": 0,
      "y": 0
   },
   "resolutionGeo": 100000,
   "tilingBounds": {
      "yMin": 0,
      "yMax": 0,
      "xMax": 0,
      "xMin": 0
   }
}