{
   "dims": {"elevation": {
      "averageValue": 298.02513661202187,
      "minValue": 0,
      "percentiles": [
         0,
         0,
         0,
         0,
         0,
         0,
         0,
         0,
         0,
         0,
         0,
         0,
         0,
         0,
         0,
         0,
         0,
         0,
         1.039999999999992,
         2,
         3,
         4,
         5,
         6,
         9,
         10,
         11,
         13,
         16.639999999999986,
         18,
         21.95999999999998,
         25.480000000000018,
         33.28000000000003,
         38,
         43,
         47.27999999999997,
         51,
         59.079999999999984,
         65,
         74.40000000000003,
         77.56,
         81,
         86.88,
         89.08000000000004,
         99,
         103,
         110,
         114,
         121,
         125,
         131.16000000000003,
         142,
         145.48000000000002,
         151,
         155,
         162,
         169.12,
         174.27999999999997,
         181.43999999999994,
         190,
         197,
         209.91999999999996,
         219,
         231,
         243.39999999999998,
         259.8000000000003,
         277,
         292.52,
         305.0799999999999,
         317.19999999999993,
         340.72,
         349.52,
         362,
         381,
         396,
         429.15999999999997,
         445.32000000000005,
         475.96000000000004,
         495.91999999999996,
         529.4000000000002,
         553.7200000000003,
         599.36,
         634.5199999999998,
         654.3199999999998,
         679.6,
         718.56,
         757.92,
         810.1600000000001,
         853,
         899.5999999999999,
         959.3600000000004,
         993.3200000000002,
         1027.1599999999999,
         1086.5999999999995,
         1170.9999999999993,
         1302.44,
         1489.5999999999995,
         1795.639999999999,
         1966.1200000000006
      ],
      "maxValue": 2221
   }},
   "crs": "3035",
   "tileSizeCell": 128,
   "originPoint": {
      "x": 0,
      "y": 0
   },
   "resolutionGeo": 100000,
   "tilingBounds": {
      "yMin": 0,
      "yMax": 0,
      "xMax": 0,
      "xMin": 0
   }
}