{
   "dims": {"elevation": {
      "averageValue": 347.6245883644347,
      "minValue": 0,
      "percentiles": [
         0,
         0,
         0,
         0,
         0,
         1,
         2,
         2,
         3,
         4,
         5,
         6,
         8,
         9.680000000000007,
         10.799999999999983,
         12,
         14,
         17,
         18,
         21,
         23.519999999999982,
         33,
         37,
         40,
         44,
         48,
         51,
         56,
         62.47999999999996,
         66.59999999999997,
         75,
         77,
         80,
         85,
         88,
         91,
         99,
         103.56,
         110,
         113,
         116,
         123.03999999999996,
         129,
         133.28000000000003,
         142,
         146,
         151,
         155,
         161.88,
         168,
         174,
         179,
         186.72000000000003,
         193,
         201.20000000000005,
         211.72000000000003,
         219,
         231,
         244,
         254.19999999999993,
         268.31999999999994,
         279.75999999999976,
         294.56000000000006,
         306.3600000000001,
         316.80000000000007,
         336.7600000000002,
         350.12000000000023,
         369.32000000000016,
         381,
         391.4,
         402.52,
         432.28,
         445.76,
         465.64,
         486,
         510.6,
         537.72,
         560.8000000000001,
         600.44,
         630.4000000000001,
         652.72,
         673.6799999999998,
         700.7999999999996,
         736.2399999999998,
         766.3999999999999,
         813.2799999999997,
         853.4399999999999,
         894.1200000000001,
         941.0400000000002,
         967,
         999.8400000000001,
         1035.4000000000008,
         1105,
         1135.6799999999998,
         1263.3999999999996,
         1434.56,
         1598.0799999999995,
         1812.8799999999999,
         1978.6799999999998
      ],
      "maxValue": 2221
   }},
   "crs": "3035",
   "tileSizeCell": 128,
   "originPoint": {
      "x": 0,
      "y": 0
   },
   "resolutionGeo": 100000,
   "tilingBounds": {
      "yMin": 0,
      "yMax": 0,
      "xMax": 0,
      "xMin": 0
   }
}