{
   "dims": {"elevation": {
      "averageValue": 253.33031674208144,
      "minValue": 0,
      "percentiles": [
         0,
         0,
         0,
         0,
         0,
         0,
         0,
         0,
         0,
         0,
         0,
         0,
         0,
         0,
         0,
         0,
         0,
         0,
         0,
         0,
         0,
         0,
         0,
         0,
         0,
         0,
         0,
         0,
         0,
         0,
         0,
         0,
         0,
         0,
         0,
         0,
         1.4499999999999886,
         2,
         4,
         5,
         6,
         9,
         11,
         14,
         17,
         21,
         28,
         36,
         41,
         50,
         61.35000000000002,
         67,
         76.05000000000001,
         79.90000000000003,
         85,
         90.20000000000005,
         99.44999999999993,
         108.29999999999995,
         114,
         122,
         128.85000000000002,
         139,
         144.0999999999999,
         151.39999999999998,
         160.25,
         170,
         176,
         190,
         203.64999999999998,
         218,
         226.35000000000002,
         247.59999999999945,
         264.1999999999998,
         295.29999999999984,
         310.75,
         334,
         358.8000000000002,
         381.60000000000014,
         394.29999999999995,
         431,
         465.10000000000014,
         485,
         519.3999999999996,
         547.3999999999999,
         629.75,
         674.5000000000001,
         711,
         744.7999999999997,
         786.5499999999998,
         848,
         931.8500000000003,
         985,
         1021.4000000000005,
         1105.9,
         1161.75,
         1305.6,
         1562.35,
         1806.8999999999994,
         1970.6499999999996
      ],
      "maxValue": 2221
   }},
   "crs": "3035",
   "tileSizeCell": 128,
   "originPoint": {
      "x": 0,
      "y": 0
   },
   "resolutionGeo": 100000,
   "tilingBounds": {
      "yMin": 0,
      "yMax": 0,
      "xMax": 0,
      "xMin": 0
   }
}