{
   "dims": {"elevation": {
      "averageValue": 349.10336817653894,
      "minValue": 0,
      "percentiles": [
         0,
         0,
         0,
         0,
         0,
         0,
         1,
         2,
         3,
         3.200000000000003,
         5,
         5,
         7,
         8,
         10,
         11,
         13,
         16,
         17,
         19.400000000000006,
         23,
         30.640000000000015,
         36,
         40,
         44,
         45.360000000000014,
         51.74000000000001,
         56.72000000000003,
         63,
         68.7999999999999,
         76,
         78,
         83,
         86,
         89,
         95.32,
         102.94,
         109.56,
         114,
         116.80000000000001,
         125,
         130,
         139,
         143.56000000000006,
         148,
         153,
         158.14,
         166.03999999999996,
         169.76,
         174,
         180.62,
         188.48000000000002,
         195.58000000000004,
         204.96000000000004,
         216,
         225.44000000000005,
         241.01999999999992,
         250.87999999999994,
         266.31999999999994,
         274.19999999999993,
         286.81999999999994,
         298.8799999999999,
         310.06000000000006,
         316.68000000000006,
         334.9000000000002,
         345.9200000000001,
         362,
         380,
         388.55999999999995,
         399.79999999999995,
         419.1199999999999,
         438,
         450.52,
         474.15999999999997,
         492,
         515,
         536.74,
         560.8000000000001,
         598.94,
         627.6,
         651.22,
         670.8399999999999,
         691.8399999999997,
         732.1599999999999,
         758,
         798.5599999999995,
         839.8199999999998,
         884.6800000000002,
         913.8000000000006,
         965.6000000000001,
         998,
         1028.04,
         1080.9400000000007,
         1130.3999999999999,
         1241.5,
         1390.1599999999994,
         1564.56,
         1797.4799999999998,
         1973.1799999999998
      ],
      "maxValue": 2221
   }},
   "crs": "3035",
   "tileSizeCell": 128,
   "originPoint": {
      "x": 0,
      "y": 0
   },
   "resolutionGeo": 100000,
   "tilingBounds": {
      "yMin": 0,
      "yMax": 0,
      "xMax": 0,
      "xMin": 0
   }
}