{
   "dims": {"elevation": {
      "averageValue": 368.2395348837209,
      "minValue": 1,
      "percentiles": [
         1.6099999999999994,
         2,
         3,
         3.4399999999999977,
         5,
         5,
         6,
         8,
         10,
         11,
         12,
         13.319999999999993,
         16.930000000000007,
         18,
         20.150000000000006,
         23,
         30.370000000000005,
         35.95999999999998,
         38.59,
         42.20000000000002,
         44.81,
         49.41999999999999,
         52.03,
         58,
         63,
         67,
         75,
         77,
         80,
         84.30000000000001,
         87.91000000000003,
         90.03999999999996,
         96.38999999999999,
         102.74000000000001,
         107.34999999999997,
         111,
         114,
         121,
         125,
         130,
         137.01999999999998,
         142.62,
         146,
         151.83999999999997,
         155,
         162,
         168,
         173.27999999999997,
         177.89,
         185.5,
         192,
         197.72000000000003,
         207.66000000000008,
         216,
         224.55,
         239,
         246,
         261.37999999999994,
         272.98999999999995,
         284.6,
         296,
         308.6400000000001,
         317,
         337.1199999999999,
         349.65,
         363.81999999999994,
         380,
         387.96000000000004,
         401.0899999999999,
         427.7999999999997,
         441.92999999999984,
         456.67999999999984,
         480.5899999999999,
         495.28,
         526.25,
         544.36,
         571,
         604.58,
         635.3800000000001,
         653,
         674.4100000000001,
         701.1999999999998,
         735.26,
         762.96,
         809.1000000000001,
         847.6000000000004,
         886.3500000000003,
         918.7999999999995,
         962.5799999999999,
         988.5999999999999,
         1020.02,
         1069.72,
         1110.73,
         1179.6799999999998,
         1299.9999999999986,
         1457.279999999998,
         1621.6299999999983,
         1830.8199999999995,
         1981.56
      ],
      "maxValue": 2221
   }},
   "crs": "3035",
   "tileSizeCell": 128,
   "originPoint": {
      "x": 0,
      "y": 0
   },
   "resolutionGeo": 100000,
   "tilingBounds": {
      "yMin": 0,
      "yMax": 0,
      "xMax": 0,
      "xMin": 0
   }
}