{
   "dims": {
      "2018": {
         "averageValue": 224.25702351745053,
         "minValue": 0,
         "percentiles": [
            0,
            0,
            0,
            0,
            0,
            0,
            0,
            0,
            0,
            1,
            1,
            1,
            1,
            1,
            2,
            2,
            2,
            2,
            3,
            3,
            3,
            3,
            3,
            4,
            4,
            4,
            5,
            5,
            5,
            6,
            6,
            6,
            7,
            7,
            8,
            8,
            9,
            9,
            10,
            11,
            11,
            12,
            13,
            13,
            14,
            15,
            16,
            17,
            18,
            19,
            20,
            21,
            23,
            24,
            25,
            27,
            29,
            30,
            32,
            34,
            36,
            39,
            41,
            44,
            46,
            50,
            53,
            56,
            60,
            65,
            69,
            74,
            80,
            86,
            92,
            100,
            108,
            116,
            126,
            137,
            150,
            164,
            179,
            197,
            218,
            241,
            269,
            302,
            341,
            389,
            447,
            521,
            618,
            751,
            935,
            1214,
            1660,
            2449,
            4054
         ],
         "maxValue": 52767
      },
      "2006": {
         "averageValue": 258.22074318468236,
         "minValue": 1,
         "percentiles": [
            1,
            1,
            1,
            2,
            2,
            2,
            2,
            3,
            3,
            3,
            4,
            4,
            4,
            4,
            5,
            5,
            6,
            6,
            6,
            7,
            7,
            8,
            8,
            8,
            9,
            9,
            10,
            11,
            11,
            12,
            12,
            13,
            14,
            14,
            15,
            16,
            16,
            17,
            18,
            19,
            20,
            21,
            22,
            23,
            24,
            25,
            26,
            27,
            29,
            30,
            32,
            33,
            35,
            37,
            38,
            40,
            42,
            45,
            47,
            50,
            52,
            55,
            58,
            62,
            65,
            69,
            73,
            78,
            83,
            88,
            94,
            100,
            107,
            115,
            123,
            132,
            143,
            154,
            166,
            180,
            195,
            213,
            233,
            256,
            282,
            312,
            347,
            388,
            436,
            495,
            567,
            659,
            775,
            928,
            1144,
            1454,
            1931,
            2738,
            4263
         ],
         "maxValue": 52898
      },
      "2011": {
         "averageValue": 252.83936306990506,
         "minValue": 1,
         "percentiles": [
            1,
            1,
            1,
            2,
            2,
            2,
            2,
            3,
            3,
            3,
            3,
            4,
            4,
            4,
            5,
            5,
            5,
            5,
            6,
            6,
            6,
            7,
            7,
            8,
            8,
            9,
            9,
            10,
            10,
            11,
            11,
            12,
            12,
            13,
            14,
            15,
            15,
            16,
            17,
            18,
            18,
            19,
            20,
            21,
            22,
            23,
            25,
            26,
            27,
            28,
            30,
            31,
            33,
            34,
            36,
            38,
            40,
            42,
            44,
            47,
            49,
            52,
            55,
            58,
            62,
            65,
            69,
            73,
            78,
            83,
            88,
            94,
            101,
            108,
            116,
            124,
            134,
            144,
            155,
            168,
            183,
            199,
            217,
            238,
            261,
            289,
            321,
            358,
            403,
            457,
            524,
            609,
            720,
            868,
            1077,
            1385,
            1863,
            2689,
            4315
         ],
         "maxValue": 53119
      }
   },
   "crs": "3035",
   "tileSizeCell": 128,
   "originPoint": {
      "x": 0,
      "y": 0
   },
   "resolutionGeo": 1000,
   "tilingBounds": {
      "yMin": 7,
      "xMin": 7,
      "yMax": 42,
      "xMax": 50
   }
}
