{
   "dims": {
      "tcd": {
         "averageValue": 32.90566822672907,
         "minValue": 1,
         "percentiles": [
            1,
            1,
            1,
            2,
            2,
            2,
            2,
            3,
            3,
            3,
            4,
            4,
            4,
            5,
            5,
            6,
            6,
            6,
            7,
            7,
            8,
            8,
            9,
            9,
            10,
            10,
            11,
            12,
            12,
            13,
            13,
            14,
            15,
            15,
            16,
            16,
            17,
            18,
            18,
            19,
            20,
            20,
            21,
            22,
            23,
            24,
            24,
            25,
            26,
            27,
            28,
            29,
            30,
            30,
            31,
            32,
            33,
            34,
            35,
            36,
            37,
            38,
            39,
            40,
            41,
            43,
            44,
            45,
            46,
            47,
            48,
            49,
            50,
            51,
            53,
            54,
            55,
            56,
            58,
            59,
            60,
            62,
            63,
            65,
            66,
            68,
            69,
            71,
            72,
            74,
            76,
            77,
            79,
            80,
            82,
            83,
            85,
            86,
            88
         ],
         "maxValue": 95
      },
      "dlt": {
         "averageValue": 1.1442276942756635,
         "minValue": 1,
         "percentiles": [
            1,
            1,
            1,
            1,
            1,
            1,
            1,
            1,
            1,
            1,
            1,
            1,
            1,
            1,
            1,
            1,
            1,
            1,
            1,
            1,
            1,
            1,
            1,
            1,
            1,
            1,
            1,
            1,
            1,
            1,
            1,
            1,
            1,
            1,
            1,
            1,
            1,
            1,
            1,
            1,
            1,
            1,
            1,
            1,
            1,
            1,
            1,
            1,
            1,
            1,
            1,
            1,
            1,
            1,
            1,
            1,
            1,
            1,
            1,
            1,
            1,
            1,
            1,
            1,
            1,
            1,
            1,
            1,
            1,
            1,
            1,
            1,
            1,
            1,
            1,
            1,
            1,
            1,
            1,
            1,
            1,
            1,
            1,
            1,
            1,
            2,
            2,
            2,
            2,
            2,
            2,
            2,
            2,
            2,
            2,
            2,
            2,
            2,
            2
         ],
         "maxValue": 2
      }
   },
   "crs": "3035",
   "tileSizeCell": 128,
   "originPoint": {
      "x": 0,
      "y": 0
   },
   "resolutionGeo": 1000,
   "tilingBounds": {
      "yMin": 22,
      "yMax": 23,
      "xMax": 32,
      "xMin": 31
   }
}