{
   "dims": {
      "tcd": {
         "averageValue": 41.146123942040745,
         "minValue": 1,
         "percentiles": [
            1,
            1,
            2,
            2,
            3,
            4,
            4,
            5,
            5,
            6,
            7,
            7,
            8,
            9,
            9,
            10,
            11,
            11,
            12,
            13,
            13,
            14,
            15,
            15,
            16,
            17,
            17,
            18,
            19,
            19,
            20,
            21,
            22,
            22,
            23,
            24,
            25,
            26,
            26,
            27,
            28,
            29,
            30,
            30,
            31,
            32,
            33,
            34,
            35,
            35,
            36,
            37,
            38,
            39,
            40,
            41,
            42,
            43,
            44,
            45,
            45,
            46,
            47,
            48,
            49,
            50,
            51,
            52,
            53,
            54,
            55,
            56,
            57,
            58,
            59,
            61,
            62,
            63,
            64,
            65,
            66,
            67,
            68,
            69,
            71,
            72,
            73,
            74,
            76,
            77,
            79,
            80,
            82,
            83,
            85,
            88,
            92,
            135,
            205
         ],
         "maxValue": 254
      },
      "dlt": {
         "averageValue": 1.4761861437929407,
         "minValue": 1,
         "percentiles": [
            1,
            1,
            1,
            1,
            1,
            1,
            1,
            1,
            1,
            1,
            1,
            1,
            1,
            1,
            1,
            1,
            1,
            1,
            1,
            1,
            1,
            1,
            1,
            1,
            1,
            1,
            1,
            1,
            1,
            1,
            1,
            1,
            1,
            1,
            1,
            1,
            1,
            1,
            1,
            1,
            1,
            1,
            1,
            1,
            1,
            1,
            1,
            1,
            1,
            1,
            1,
            1,
            2,
            2,
            2,
            2,
            2,
            2,
            2,
            2,
            2,
            2,
            2,
            2,
            2,
            2,
            2,
            2,
            2,
            2,
            2,
            2,
            2,
            2,
            2,
            2,
            2,
            2,
            2,
            2,
            2,
            2,
            2,
            2,
            2,
            2,
            2,
            2,
            2,
            2,
            2,
            2,
            2,
            2,
            2,
            2,
            2,
            2,
            2
         ],
         "maxValue": 2
      }
   },
   "crs": "3035",
   "tileSizeCell": 128,
   "originPoint": {
      "x": 0,
      "y": 0
   },
   "resolutionGeo": 1000,
   "tilingBounds": {
      "yMin": 7,
      "yMax": 42,
      "xMax": 57,
      "xMin": 7
   }
}