{
   "dims": {
      "pp": {
         "averageValue": 4392743.88994709,
         "minValue": 39,
         "percentiles": [
            30678.45,
            43579,
            100583.71,
            151478.28,
            214105.60000000003,
            242371,
            259193.02000000002,
            292788.28,
            345337,
            382903.70000000007,
            419076.99,
            488281,
            548557.39,
            604500.4,
            698341.0499999999,
            768012.84,
            821411.77,
            864244.7,
            1000502.3100000002,
            1071026.4000000001,
            1127569.18,
            1204119.2999999998,
            1315465.8400000003,
            1397703.6399999997,
            1479570.75,
            1539796.84,
            1600410.28,
            1654827.36,
            1715513.99,
            1793244.2999999996,
            1866780.06,
            1913821.08,
            1967822.5199999996,
            2046243.52,
            2119515.2499999995,
            2161505.4,
            2259519.96,
            2342357.66,
            2437668.81,
            2503976,
            2545247.41,
            2610624.72,
            2670290.06,
            2761105.52,
            2811057.35,
            2918168.3200000003,
            2987564.39,
            3059595.28,
            3123837.9,
            3185891.5,
            3242540.4899999998,
            3320852.24,
            3412527.83,
            3476472.020000002,
            3595097.1,
            3649593.04,
            3727336.9299999992,
            3812436,
            3888987.7800000003,
            4005992,
            4124042.69,
            4227778.16,
            4314895.059999999,
            4415434.32,
            4555622.2,
            4624997.38,
            4761922.57,
            4917069.280000001,
            5086135.54,
            5225483.699999996,
            5343098.68,
            5440671.16,
            5598415.84,
            5762285.739999999,
            5975616.75,
            6108055.28,
            6234543.3,
            6383342.5600000005,
            6570397.510000001,
            6704304.8000000045,
            6891185.36,
            7104062.819999999,
            7331410.01,
            7454506.120000001,
            7650036.05,
            7851841.14,
            8275378.880000001,
            8660085.519999998,
            9155612.63,
            9848235.600000003,
            1.0188374269999998E7,
            1.0859780760000002E7,
            1.2281695960000006E7,
            1.2920547839999996E7,
            1.3704056099999994E7,
            1.4579253159999993E7,
            1.603599749E7,
            1.873696840000001E7,
            2.0455353169999976E7
         ],
         "maxValue": 2.629589E7
      },
      "rp": {
         "averageValue": 59.79779411764706,
         "minValue": 0,
         "percentiles": [
            4,
            9,
            14,
            14.200000000000003,
            17.25,
            19,
            21,
            23,
            25,
            26,
            28,
            29,
            30,
            31,
            32,
            33,
            34,
            35,
            36,
            37,
            38,
            39.10000000000002,
            40,
            41,
            42,
            43,
            44,
            45,
            45,
            46,
            47,
            48,
            49,
            49,
            50,
            51,
            51,
            52,
            53,
            53,
            54,
            55,
            56,
            57,
            57,
            58,
            59,
            60,
            60,
            61,
            62,
            63,
            64,
            64,
            65,
            66,
            66,
            67,
            68,
            69,
            70,
            70,
            71,
            72,
            72,
            73,
            73,
            74,
            75,
            75,
            76,
            76,
            77,
            78,
            78,
            79,
            80,
            81,
            82,
            83,
            83.05000000000018,
            84,
            85,
            86,
            87,
            87,
            88,
            89,
            91,
            92,
            93,
            94,
            95,
            96,
            97,
            97.79999999999995,
            99,
            101,
            104
         ],
         "maxValue": 137
      },
      "ra": {
         "averageValue": 3059790.100104822,
         "minValue": 0,
         "percentiles": [
            2066.2999999999997,
            14082,
            27368.27,
            33967.4,
            44270,
            64285,
            89313.95000000004,
            113229,
            150117.48,
            169390.8,
            197188.94000000003,
            212228,
            235422.30000000002,
            254794.8600000001,
            298252.64999999997,
            324270.24,
            381237.42000000016,
            397067.96,
            440613.77999999997,
            474236,
            512389.66,
            544750,
            583694.86,
            608404.5599999998,
            655694.5,
            687658.5800000001,
            728349,
            758086.2000000003,
            800339,
            823690.4,
            846417.27,
            893822.92,
            932367,
            971474.18,
            1024682,
            1056116.6400000001,
            1097106,
            1132688.76,
            1172625.54,
            1220637.6,
            1263178.59,
            1301076.68,
            1337342.8,
            1378114.92,
            1437063.2500000005,
            1498115.94,
            1553797.0599999998,
            1608589,
            1657688.45,
            1689152,
            1737635.61,
            1797412.8400000005,
            1847048.1300000001,
            1905749.48,
            1979505.9500000004,
            2067740.4000000008,
            2143781.9999999995,
            2216109.14,
            2279493.2,
            2332301.5999999996,
            2392290.77,
            2474416.1399999997,
            2550070.88,
            2645439.36,
            2712687.600000001,
            2797739.9,
            2883802.87,
            2983538.160000004,
            3103882.9599999953,
            3174208.3,
            3273380.269999999,
            3375122.44,
            3493907.1699999995,
            3602987.0000000005,
            3722150.75,
            3893177.84,
            4022265.53,
            4146264.88,
            4393719,
            4561311.000000001,
            4847884.700000002,
            5073866.779999999,
            5239285.05,
            5480200.639999999,
            5784601.249999999,
            6008024.4,
            6302195.46,
            6559479.320000001,
            6878179,
            7262563.100000001,
            7779457.28,
            8389002.24,
            9161347.610000005,
            1.0158606559999982E7,
            1.20890626E7,
            1.3345153839999985E7,
            1.4785762130000003E7,
            1.6893911359999996E7,
            2.0105604710000012E7
         ],
         "maxValue": 2.6806557E7
      }
   },
   "crs": "3035",
   "tileSizeCell": 128,
   "originPoint": {
      "x": 0,
      "y": 0
   },
   "resolutionGeo": 50000,
   "tilingBounds": {
      "yMin": 0,
      "yMax": 0,
      "xMax": 1,
      "xMin": 0
   }
}