{
   "dims": {
      "Men_1ind": {
         "averageValue": 3.9906959879362867,
         "minValue": 0,
         "percentiles": [
            0,
            0,
            0.1,
            0.1,
            0.1,
            0.1,
            0.1,
            0.1,
            0.1,
            0.1,
            0.1,
            0.1,
            0.1,
            0.2,
            0.2,
            0.2,
            0.2,
            0.2,
            0.2,
            0.2,
            0.2,
            0.2,
            0.2,
            0.2,
            0.2,
            0.3,
            0.3,
            0.3,
            0.3,
            0.3,
            0.3,
            0.3,
            0.3,
            0.3,
            0.4,
            0.4,
            0.4,
            0.4,
            0.4,
            0.4,
            0.4,
            0.5,
            0.5,
            0.5,
            0.5,
            0.5,
            0.5,
            0.6,
            0.6,
            0.6,
            0.6,
            0.6,
            0.7,
            0.7,
            0.7,
            0.8,
            0.8,
            0.8,
            0.9,
            0.9,
            0.9,
            1,
            1,
            1,
            1.1,
            1.1,
            1.2,
            1.2,
            1.3,
            1.3,
            1.4,
            1.5,
            1.6,
            1.7,
            1.8,
            2,
            2,
            2,
            2.2,
            2.4,
            2.7,
            3,
            3,
            3.2,
            4,
            4,
            5,
            5,
            6,
            7,
            8,
            9,
            10,
            12,
            15,
            20,
            27,
            40,
            70
         ],
         "maxValue": 864
      },
      "Men_fmp": {
         "averageValue": 1.2537904142267395,
         "minValue": 0,
         "percentiles": [
            0,
            0,
            0,
            0,
            0,
            0,
            0,
            0,
            0,
            0,
            0,
            0,
            0,
            0,
            0,
            0,
            0,
            0,
            0,
            0,
            0,
            0,
            0,
            0,
            0,
            0,
            0,
            0,
            0.1,
            0.1,
            0.1,
            0.1,
            0.1,
            0.1,
            0.1,
            0.1,
            0.1,
            0.1,
            0.1,
            0.1,
            0.1,
            0.1,
            0.1,
            0.1,
            0.1,
            0.1,
            0.1,
            0.1,
            0.1,
            0.1,
            0.2,
            0.2,
            0.2,
            0.2,
            0.2,
            0.2,
            0.2,
            0.2,
            0.2,
            0.2,
            0.2,
            0.3,
            0.3,
            0.3,
            0.3,
            0.3,
            0.3,
            0.3,
            0.4,
            0.4,
            0.4,
            0.4,
            0.5,
            0.5,
            0.5,
            0.6,
            0.6,
            0.7,
            0.8,
            0.9,
            1,
            1,
            1,
            1,
            1,
            1.2,
            2,
            2,
            2,
            2,
            3,
            3,
            4,
            4,
            5,
            7,
            9,
            13,
            22
         ],
         "maxValue": 286
      },
      "Men_mais": {
         "averageValue": 6.767049557547675,
         "minValue": 0,
         "percentiles": [
            0.3,
            0.4,
            0.4,
            0.4,
            0.4,
            0.4,
            0.5,
            0.5,
            0.5,
            0.6,
            0.7,
            0.7,
            0.7,
            0.8,
            0.8,
            0.8,
            0.8,
            0.8,
            0.9,
            0.9,
            0.9,
            0.9,
            1,
            1,
            1,
            1.1,
            1.1,
            1.2,
            1.2,
            1.3,
            1.3,
            1.3,
            1.4,
            1.4,
            1.5,
            1.5,
            1.6,
            1.6,
            1.6,
            1.7,
            1.8,
            1.8,
            1.9,
            1.9,
            2,
            2,
            2.1,
            2.2,
            2.3,
            2.4,
            2.4,
            2.5,
            2.6,
            2.7,
            2.8,
            3,
            3.1,
            3.2,
            3.3,
            3.5,
            3.6,
            3.8,
            4,
            4.1,
            4.3,
            4.5,
            4.7,
            5,
            5.2,
            5.5,
            5.8,
            6,
            6.4,
            6.7,
            7,
            7.5,
            8,
            8.4,
            9,
            9.5,
            10.1,
            11,
            11.4,
            12,
            13,
            14,
            15,
            16,
            17,
            19,
            20,
            22,
            24,
            26,
            29,
            33,
            37,
            44,
            55
         ],
         "maxValue": 880
      },
      "imputed": {
         "averageValue": 0.7955560254198526,
         "minValue": 0,
         "percentiles": [
            0,
            0,
            0,
            0,
            0,
            0,
            0,
            0,
            0,
            0,
            0,
            0,
            0,
            0,
            0,
            0,
            0,
            0,
            0,
            0,
            1,
            1,
            1,
            1,
            1,
            1,
            1,
            1,
            1,
            1,
            1,
            1,
            1,
            1,
            1,
            1,
            1,
            1,
            1,
            1,
            1,
            1,
            1,
            1,
            1,
            1,
            1,
            1,
            1,
            1,
            1,
            1,
            1,
            1,
            1,
            1,
            1,
            1,
            1,
            1,
            1,
            1,
            1,
            1,
            1,
            1,
            1,
            1,
            1,
            1,
            1,
            1,
            1,
            1,
            1,
            1,
            1,
            1,
            1,
            1,
            1,
            1,
            1,
            1,
            1,
            1,
            1,
            1,
            1,
            1,
            1,
            1,
            1,
            1,
            1,
            1,
            1,
            1,
            1
         ],
         "maxValue": 1
      },
      "Men": {
         "averageValue": 11.852667516195138,
         "minValue": 0.2,