{
   "dims": {"value": {
      "averageValue": 2.2961695713998143E7,
      "minValue": 90,
      "percentiles": [
         6535.17,
         16767.880000000005,
         33415.079999999994,
         47847.240000000005,
         64198.9,
         80132.91999999998,
         102646.69,
         126082.8,
         152914.27,
         176635.80000000002,
         205766.37,
         236190.15999999997,
         261594.25,
         285634.80000000005,
         310377.75,
         344540.76,
         374759.91,
         417916.4399999998,
         455214.96,
         486477.00000000006,
         529370.1,
         569364.48,
         608433.96,
         650819.8799999999,
         716260.5,
         762158.58,
         806645.79,
         859772.8800000001,
         913502.4299999999,
         980986.1999999998,
         1052999.49,
         1122015.24,
         1191047.97,
         1265435.46,
         1335286.3499999994,
         1421390.24,
         1492125.38,
         1586001.4200000002,
         1674516.6,
         1751766,
         1849352.11,
         1950817.3799999987,
         2057308.5599999998,
         2155213.44,
         2261899.2,
         2373327.7200000007,
         2495356.48,
         2634487.1999999997,
         2746633.17,
         2865774,
         3010213.62,
         3129971.6400000006,
         3281712.06,
         3462825.54,
         3598645.8000000026,
         3818045.640000001,
         4004995.579999998,
         4204346.92,
         4441666.41,
         4689830.399999997,
         4939013.76,
         5175415.9799999995,
         5447829.480000002,
         5701784.280000004,
         5995772.300000001,
         6344576.760000001,
         6660338.960000006,
         7094220.839999998,
         7399387.98,
         7840719.599999985,
         8301489.139999993,
         8800088.639999997,
         9254302.759999994,
         9824023.08,
         1.047906225E7,
         1.1210670480000002E7,
         1.1937568690000009E7,
         1.2873721780000007E7,
         1.4054279540000005E7,
         1.5343399200000005E7,
         1.651127211E7,
         1.8054745380000003E7,
         1.927753337999999E7,
         2.1114049559999965E7,
         2.3445771499999993E7,
         2.593149186E7,
         2.9076440359999992E7,
         3.300586304E7,
         3.633674234000001E7,
         4.084439170000004E7,
         4.6696631400000006E7,
         5.308526520000005E7,
         6.193660182999997E7,
         7.469323082000001E7,
         8.874185119999981E7,
         1.1966966675999986E8,
         1.6109268974999988E8,
         2.164809166E8,
         3.8043798478999776E8
      ],
      "maxValue": 2.147483647E9
   }},
   "crs": "3035",
   "tileSizeCell": 128,
   "originPoint": {
      "x": 0,
      "y": 0
   },
   "resolutionGeo": 20000,
   "tilingBounds": {
      "yMin": 0,
      "yMax": 1,
      "xMax": 2,
      "xMin": 1
   }
}