{
   "dims": {"value": {
      "averageValue": 7.71114944342723E7,
      "minValue": 360,
      "percentiles": [
         6055.650000000001,
         14331.6,
         42402.3,
         61246.8,
         82161,
         111106.8,
         133377.6,
         155736.00000000003,
         207813.14999999997,
         274293,
         312170.70000000007,
         361786.2,
         416146.75,
         499007.7,
         568842.75,
         633535.2000000001,
         725034.6000000001,
         824783.3999999998,
         902848.8999999999,
         1057734,
         1142887.9500000004,
         1284572.7000000002,
         1428808.2000000002,
         1586379,
         1749547.75,
         1862291.3,
         1983708,
         2223388.2,
         2400032.8499999996,
         2553467,
         2791986.15,
         2921495.4,
         3143671.15,
         3423966.9000000004,
         3618471,
         3791637.1999999997,
         4040290.8000000003,
         4248441.6,
         4476870,
         4763391,
         5106058.3,
         5382417.7,
         5764706.849999999,
         6267684.400000004,
         6748481.25,
         7145153.400000002,
         7575955.8,
         7965248.599999998,
         8598133.049999999,
         8870895,
         9199954.8,
         9566022.600000001,
         9915254.8,
         1.0474147100000001E7,
         1.1308322250000002E7,
         1.1915856000000007E7,
         1.2372459399999991E7,
         1.3263312899999999E7,
         1.3935596399999999E7,
         1.4897361E7,
         1.5762073799999999E7,
         1.6542809599999996E7,
         1.75826161E7,
         1.8253910400000002E7,
         1.918037725E7,
         2.0795004599999998E7,
         2.1813743500000007E7,
         2.3528119200000003E7,
         2.478318519999999E7,
         2.625872E7,
         2.795217575E7,
         2.99482808E7,
         3.197498199999998E7,
         3.45702379E7,
         3.6383053E7,
         3.8943997199999966E7,
         4.184170155000001E7,
         4.446884270000002E7,
         4.7369950650000006E7,
         5.2687126E7,
         5.826753795E7,
         6.357563359999996E7,
         7.110537234999992E7,
         7.838146380000003E7,
         8.743549675E7,
         9.634776799999991E7,
         1.0477322544999988E8,
         1.1903192480000009E8,
         1.2942894245E8,
         1.42454464E8,
         1.7063556399999994E8,
         1.9395265400000024E8,
         2.2613510070000064E8,
         2.6128516629999983E8,
         3.17212031E8,
         4.6647703579999834E8,
         6.467569374999983E8,
         1.0695714372999959E9,
         1.499309191950001E9
      ],
      "maxValue": 2.147483647E9
   }},
   "crs": "3035",
   "tileSizeCell": 128,
   "originPoint": {
      "x": 0,
      "y": 0
   },
   "resolutionGeo": 50000,
   "tilingBounds": {
      "yMin": 0,
      "yMax": 0,
      "xMax": 0,
      "xMin": 0
   }
}