{
   "dims": {
      "2018": {
         "averageValue": 2987.8899939905505,
         "minValue": 0,
         "percentiles": [
            0,
            0,
            0,
            1,
            2,
            3,
            5,
            6,
            8,
            11,
            13,
            16,
            19,
            23,
            27,
            31,
            36,
            41,
            46,
            53,
            59,
            66,
            73,
            81,
            89,
            99,
            109,
            118,
            129,
            141,
            152,
            165,
            179.06000000000495,
            194,
            209,
            225,
            241,
            258,
            277,
            295,
            314,
            334,
            356,
            378,
            399,
            423,
            448,
            474,
            500,
            527,
            555,
            584,
            613,
            645,
            678,
            712,
            750,
            787,
            826,
            867,
            909,
            955,
            999,
            1048,
            1098.300000000003,
            1152,
            1209,
            1272,
            1334,
            1402,
            1473.2199999999866,
            1551,
            1634.859999999986,
            1725,
            1819,
            1924.320000000007,
            2036,
            2159,
            2292,
            2434,
            2606,
            2791,
            2997,
            3227,
            3488.6999999999825,
            3800,
            4159,
            4558,
            5014,
            5555.8000000000175,
            6243.619999999995,
            7141,
            8243.26000000001,
            9679,
            11704.49999999997,
            14523.720000000001,
            18982.540000000008,
            26664.79999999993,
            45454.5199999999
         ],
         "maxValue": 722991
      },
      "2006": {
         "averageValue": 3073.656503020963,
         "minValue": 1,
         "percentiles": [
            2,
            3,
            4,
            6,
            8,
            11,
            13,
            17,
            20,
            24,
            28,
            33,
            38,
            43,
            49,
            55,
            62,
            69,
            76.75,
            85,
            94,
            103,
            112,
            123,
            134,
            146,
            158,
            171,
            185,
            199,
            214,
            230,
            246,
            262,
            280,
            298,
            317,
            336,
            356,
            377,
            398,
            420,
            443,
            467,
            491,
            516,
            542,
            569,
            596,
            625,
            654,
            685,
            717,
            749,
            783,
            819,
            857,
            895,
            936,
            976,
            1019,
            1064.5,
            1114,
            1165,
            1217,
            1274,
            1330,
            1393,
            1460,
            1530,
            1608,
            1689,
            1774,
            1868,
            1968,
            2077,
            2191,
            2320,
            2456,
            2607,
            2784,
            2971,
            3182,
            3421,
            3689.25,
            3994,
            4350,
            4748,
            5227,
            5801.5,
            6524.25,
            7411,
            8526.25,
            10013.5,
            12049.75,
            14936,
            19244.75,
            26842.5,
            45440
         ],
         "maxValue": 707675
      },
      "2011": {
         "averageValue": 3065.1924805884755,
         "minValue": 1,
         "percentiles": [
            2,
            3,
            4,
            6,
            7,
            10,
            12,
            15,
            18,
            22,
            26,
            30,
            35,
            40,
            45,
            51,
            58,
            65,
            72,
            80,
            88,
            97,
            106,
            116,
            127,
            138,
            149,
            162,
            175,
            188,
            203,
            217,
            233,
            249,
            266,
            283,
            302,
            320,
            341,
            361,
            382,
            403,
            425,
            448,
            473,
            497,
            523,
            548,
            576,
            604,
            634,
            663,
            695,
            730,
            765,
            800,
            835,
            874,
            914,
            955,
            999,
            1046,
            1093,
            1142,
            1192,
            1247,
            1306,
            1366,
            1428,
            1498,
            1572,
            1657,
            1744,
            1835,
            1930,
            2035,
            2149,
            2275,
            2409,
            2560,
            2723,
            2917,
            3129,
            3361,
            3635,
            3939,
            4291,
            4690,
            5137,
            5703,
            6416.580000000016,
            7306.960000000021,
            8407,
            9878,
            11918.100000000006,
            14775.479999999981,
            19223.719999999972,
            27039.87999999989,
            45723.33999999997
         ],
         "maxValue": 737304
      }
   },
   "crs": "3035",
   "tileSizeCell": 128,
   "originPoint": {
      "x": 0,
      "y": 0
   },
   "resolutionGeo": 5000,
   "tilingBounds": {
      "yMin": 1,
      "xMin": 1,
      "yMax": 8,
      "xMax": 10
   }
}
