{
   "dims": {
      "tcd": {
         "averageValue": 31.81664656212304,
         "minValue": 1,
         "percentiles": [
            1,
            2,
            2,
            3,
            4,
            4,
            5,
            5,
            6,
            6,
            7,
            7,
            8,
            8,
            8,
            9,
            9,
            10,
            10,
            11,
            11,
            12,
            12,
            13,
            13,
            14,
            15,
            15,
            16,
            16,
            17,
            18,
            18,
            19,
            19.799999999999955,
            20,
            21,
            22,
            22,
            23,
            24,
            24,
            25,
            25,
            26,
            26,
            27,
            28,
            28,
            29,
            29,
            30,
            31,
            31,
            32,
            33,
            33,
            34,
            34,
            35,
            36,
            36,
            37,
            37,
            38,
            39,
            40,
            41,
            41,
            42,
            43,
            44,
            45,
            46,
            47,
            48,
            48.75999999999999,
            49,
            50,
            51,
            52,
            53,
            53,
            54,
            56,
            57,
            58.559999999999945,
            60,
            62,
            64,
            65,
            67,
            69,
            71,
            73,
            76,
            79,
            81,
            85
         ],
         "maxValue": 91
      },
      "dlt": {
         "averageValue": 1.1400894187779433,
         "minValue": 1,
         "percentiles": [
            1,
            1,
            1,
            1,
            1,
            1,
            1,
            1,
            1,
            1,
            1,
            1,
            1,
            1,
            1,
            1,
            1,
            1,
            1,
            1,
            1,
            1,
            1,
            1,
            1,
            1,
            1,
            1,
            1,
            1,
            1,
            1,
            1,
            1,
            1,
            1,
            1,
            1,
            1,
            1,
            1,
            1,
            1,
            1,
            1,
            1,
            1,
            1,
            1,
            1,
            1,
            1,
            1,
            1,
            1,
            1,
            1,
            1,
            1,
            1,
            1,
            1,
            1,
            1,
            1,
            1,
            1,
            1,
            1,
            1,
            1,
            1,
            1,
            1,
            1,
            1,
            1,
            1,
            1,
            1,
            1,
            1,
            1,
            1,
            1,
            1.919999999999959,
            2,
            2,
            2,
            2,
            2,
            2,
            2,
            2,
            2,
            2,
            2,
            2,
            2
         ],
         "maxValue": 2
      }
   },
   "crs": "3035",
   "tileSizeCell": 128,
   "originPoint": {
      "x": 0,
      "y": 0
   },
   "resolutionGeo": 2000,
   "tilingBounds": {
      "yMin": 11,
      "yMax": 11,
      "xMax": 16,
      "xMin": 15
   }
}