{
   "dims": {
      "tcd": {
         "averageValue": 35.91149959311898,
         "minValue": 1,
         "percentiles": [
            1,
            1,
            2,
            2,
            3,
            4,
            4,
            5,
            5,
            6,
            7,
            7,
            8,
            8,
            9,
            10,
            10,
            11,
            12,
            12,
            13,
            13,
            14,
            15,
            15,
            16,
            16,
            17,
            18,
            18,
            19,
            20,
            20,
            21,
            22,
            22,
            23,
            24,
            25,
            25,
            26,
            27,
            28,
            28,
            29,
            30,
            31,
            31,
            32,
            33,
            34,
            34,
            35,
            36,
            37,
            38,
            38,
            39,
            40,
            41,
            42,
            42,
            43,
            44,
            45,
            46,
            47,
            48,
            49,
            50,
            51,
            51,
            52,
            53,
            54,
            55,
            56,
            57,
            58,
            59,
            60,
            61,
            63,
            64,
            65,
            66,
            67,
            68,
            70,
            71,
            72,
            74,
            75,
            77,
            79,
            80,
            83,
            85,
            89
         ],
         "maxValue": 100
      },
      "dlt": {
         "averageValue": 1.4784764898947702,
         "minValue": 1,
         "percentiles": [
            1,
            1,
            1,
            1,
            1,
            1,
            1,
            1,
            1,
            1,
            1,
            1,
            1,
            1,
            1,
            1,
            1,
            1,
            1,
            1,
            1,
            1,
            1,
            1,
            1,
            1,
            1,
            1,
            1,
            1,
            1,
            1,
            1,
            1,
            1,
            1,
            1,
            1,
            1,
            1,
            1,
            1,
            1,
            1,
            1,
            1,
            1,
            1,
            1,
            1,
            1,
            1,
            2,
            2,
            2,
            2,
            2,
            2,
            2,
            2,
            2,
            2,
            2,
            2,
            2,
            2,
            2,
            2,
            2,
            2,
            2,
            2,
            2,
            2,
            2,
            2,
            2,
            2,
            2,
            2,
            2,
            2,
            2,
            2,
            2,
            2,
            2,
            2,
            2,
            2,
            2,
            2,
            2,
            2,
            2,
            2,
            2,
            2,
            2
         ],
         "maxValue": 2
      }
   },
   "crs": "3035",
   "tileSizeCell": 128,
   "originPoint": {
      "x": 0,
      "y": 0
   },
   "resolutionGeo": 2000,
   "tilingBounds": {
      "yMin": 3,
      "yMax": 21,
      "xMax": 28,
      "xMin": 3
   }
}