{
   "dims": {
      "tcd": {
         "averageValue": 35.19268942144759,
         "minValue": 1,
         "percentiles": [
            1,
            1,
            1,
            1,
            1,
            1,
            2,
            2,
            2,
            2,
            3,
            3,
            3,
            3,
            4,
            4,
            4,
            5,
            5,
            5,
            6,
            6,
            7,
            7,
            7,
            8,
            8,
            9,
            9,
            10,
            11,
            11,
            12,
            12,
            13,
            14,
            15,
            15,
            16,
            17,
            18,
            19,
            20,
            21,
            22,
            23,
            24,
            25,
            26,
            27,
            28,
            29,
            30,
            32,
            33,
            34,
            35,
            37,
            38,
            39,
            41,
            42,
            44,
            45,
            47,
            49,
            50,
            52,
            53,
            55,
            56,
            58,
            59,
            61,
            62,
            64,
            65,
            67,
            68,
            70,
            71,
            73,
            74,
            75,
            76,
            77,
            78,
            79,
            80,
            81,
            82,
            83,
            84,
            85,
            86,
            87,
            88,
            89,
            90
         ],
         "maxValue": 98
      },
      "dlt": {
         "averageValue": 1.1618522601984564,
         "minValue": 1,
         "percentiles": [
            1,
            1,
            1,
            1,
            1,
            1,
            1,
            1,
            1,
            1,
            1,
            1,
            1,
            1,
            1,
            1,
            1,
            1,
            1,
            1,
            1,
            1,
            1,
            1,
            1,
            1,
            1,
            1,
            1,
            1,
            1,
            1,
            1,
            1,
            1,
            1,
            1,
            1,
            1,
            1,
            1,
            1,
            1,
            1,
            1,
            1,
            1,
            1,
            1,
            1,
            1,
            1,
            1,
            1,
            1,
            1,
            1,
            1,
            1,
            1,
            1,
            1,
            1,
            1,
            1,
            1,
            1,
            1,
            1,
            1,
            1,
            1,
            1,
            1,
            1,
            1,
            1,
            1,
            1,
            1,
            1,
            1,
            1,
            2,
            2,
            2,
            2,
            2,
            2,
            2,
            2,
            2,
            2,
            2,
            2,
            2,
            2,
            2,
            2
         ],
         "maxValue": 2
      }
   },
   "crs": "3035",
   "tileSizeCell": 128,
   "originPoint": {
      "x": 0,
      "y": 0
   },
   "resolutionGeo": 500,
   "tilingBounds": {
      "yMin": 45,
      "yMax": 46,
      "xMax": 64,
      "xMin": 62
   }
}