{
   "dims": {
      "2018": {
         "averageValue": 10552.122802235246,
         "minValue": 0,
         "percentiles": [
            0,
            0,
            3,
            5,
            9,
            15,
            21,
            28,
            37,
            48,
            60,
            74,
            89,
            106,
            127,
            148,
            171,
            196,
            223,
            252,
            286,
            322,
            358,
            398,
            438,
            480,
            527,
            575,
            626.3999999999996,
            683,
            740,
            801,
            864,
            924,
            994,
            1071,
            1153,
            1230,
            1310,
            1392,
            1480,
            1572,
            1659.7999999999993,
            1750.4000000000015,
            1846,
            1950,
            2058,
            2170,
            2288,
            2413,
            2535,
            2664,
            2786,
            2912.4000000000015,
            3060,
            3201.600000000002,
            3358,
            3530,
            3696,
            3872,
            4057,
            4239.200000000001,
            4446.799999999999,
            4640.4000000000015,
            4849,
            5069,
            5318,
            5574.800000000003,
            5856,
            6133,
            6450,
            6751.399999999994,
            7100,
            7449,
            7825,
            8254,
            8676,
            9150.800000000003,
            9695.400000000001,
            10283,
            10939.600000000006,
            11609,
            12415.199999999983,
            13303.200000000004,
            14298,
            15357.599999999999,
            16620,
            18039.000000000015,
            19695.40000000003,
            21744,
            24177.599999999984,
            27060.6000000001,
            30804.000000000044,
            35302.79999999987,
            41287,
            49806.59999999996,
            63465.199999999866,
            84738.59999999971,
            140856.00000000015
         ],
         "maxValue": 1405886
      },
      "2006": {
         "averageValue": 10549.64225594526,
         "minValue": 1,
         "percentiles": [
            3,
            6,
            10,
            16,
            22,
            30,
            39,
            50,
            63,
            77,
            94,
            113,
            133,
            157,
            180,
            206,
            233,
            264,
            297,
            331,
            369,
            408,
            456,
            503,
            549,
            601,
            656,
            710,
            763,
            830,
            898,
            966,
            1033,
            1106,
            1187,
            1262,
            1349,
            1437,
            1524.1599999999999,
            1611,
            1706,
            1792,
            1889,
            1983,
            2081.7999999999993,
            2188,
            2302,
            2412,
            2522,
            2632,
            2755.4399999999987,
            2880,
            3018,
            3153,
            3287.2000000000007,
            3439,
            3592,
            3755.519999999997,
            3923,
            4109,
            4298,
            4474,
            4662,
            4865,
            5084.600000000002,
            5313,
            5539,
            5787.760000000006,
            6047.360000000001,
            6332.599999999991,
            6626,
            6928,
            7280,
            7663,
            8037,
            8449.320000000007,
            8894,
            9362,
            9869,
            10417,
            11056.64,
            11796.079999999994,
            12538,
            13326.96,
            14311,
            15394,
            16713,
            18133.72,
            19851.160000000003,
            21799.19999999999,
            24105.04,
            27053,
            30738.920000000006,
            35114.36,
            40713.59999999999,
            49404.83999999997,
            62286.560000000005,
            83925.04000000004,
            137180.11999999982
         ],
         "maxValue": 1482056
      },
      "2011": {
         "averageValue": 10572.090566187564,
         "minValue": 1,
         "percentiles": [
            2,
            5,
            8,
            13,
            20,
            27,
            36,
            46,
            59,
            73,
            89,
            107,
            129,
            151,
            175,
            200,
            226,
            257.1399999999994,
            288,
            326,
            362,
            401,
            442,
            488,
            531,
            583,
            635,
            691,
            750.1699999999983,
            809,
            870,
            936,
            1005,
            1076,
            1150,
            1234,
            1314,
            1392,
            1473.4700000000012,
            1566,
            1656,
            1745,
            1841,
            1941,
            2037,
            2143,
            2248,
            2372,
            2493.7700000000004,
            2614,
            2734.2299999999996,
            2857,
            2989,
            3122,
            3264.1500000000015,
            3418,
            3568,
            3737.3399999999965,
            3911.0699999999997,
            4084,
            4261.529999999999,
            4450,
            4632.990000000002,
            4831,
            5060,
            5290,
            5537,
            5792.279999999999,
            6047,
            6338.0999999999985,
            6637.6600000000035,
            6958.559999999998,
            7288.290000000001,
            7636.019999999997,
            8026.75,
            8424,
            8875.21,
            9358,
            9850.669999999998,
            10426.200000000004,
            11037,
            11768.440000000002,
            12544.179999999993,
            13414,
            14368.049999999996,
            15392.119999999995,
            16686,
            18021.679999999986,
            19827.97,
            21874.20000000007,
            24194.86,
            27110,
            30807.569999999992,
            35173.69999999984,
            41152.74999999999,
            49457.52000000003,
            62900.62999999995,
            84341.12000000007,
            138115.73999999918
         ],
         "maxValue": 1394889
      }
   },
   "crs": "3035",
   "tileSizeCell": 128,
   "originPoint": {
      "x": 0,
      "y": 0
   },
   "resolutionGeo": 10000,
   "tilingBounds": {
      "yMin": 0,
      "xMin": 0,
      "yMax": 4,
      "xMax": 5
   }
}
