{
   "dims": {"elevation": {
      "averageValue": 418.2556779851585,
      "minValue": -5,
      "percentiles": [
         0,
         0,
         0,
         0,
         0,
         0,
         1,
         2,
         4,
         6,
         9,
         12,
         16,
         20,
         25,
         29,
         34,
         38,
         43,
         49,
         54,
         59,
         64,
         70,
         75,
         80,
         83,
         88,
         93,
         97,
         102,
         106,
         111,
         116,
         121,
         126,
         131,
         137,
         142,
         148,
         153,
         159,
         165,
         173,
         180,
         187,
         196,
         204,
         211,
         220,
         228,
         238,
         248,
         259,
         270,
         281,
         291.72999999999956,
         303,
         316,
         330,
         343,
         358,
         372,
         387,
         402,
         419,
         437,
         455,
         472,
         492,
         512,
         534.0799999999999,
         560,
         587,
         608,
         635,
         660,
         688.4200000000001,
         717,
         745,
         779,
         806.9799999999996,
         839,
         873,
         905,
         942,
         981,
         1020.3199999999997,
         1061.210000000001,
         1105,
         1149,
         1212,
         1275,
         1364,
         1475.5499999999993,
         1595,
         1749.329999999998,
         1952,
         2187.3300000000017
      ],
      "maxValue": 2898
   }},
   "crs": "3035",
   "tileSizeCell": 128,
   "originPoint": {
      "x": 0,
      "y": 0
   },
   "resolutionGeo": 20000,
   "tilingBounds": {
      "yMin": 0,
      "yMax": 2,
      "xMax": 2,
      "xMin": 0
   }
}