{
   "dims": {"elevation": {
      "averageValue": 487.56800628354495,
      "minValue": -7,
      "percentiles": [
         3,
         8,
         12,
         18,
         23,
         28,
         33,
         38,
         43,
         47,
         53,
         58,
         64,
         69,
         74,
         78,
         82,
         86,
         89.01000000000022,
         93,
         98,
         101,
         106,
         110,
         115,
         120,
         124,
         128,
         133,
         138,
         143,
         148,
         154,
         160,
         166,
         172,
         178,
         184,
         190,
         198,
         205,
         212,
         220,
         228,
         237,
         246,
         255,
         266,
         276,
         285.5,
         294,
         305.0799999999999,
         317,
         328,
         342,
         355,
         368,
         380,
         394,
         409,
         421,
         438,
         452,
         469,
         486,
         504,
         521,
         537.7200000000012,
         560.5099999999984,
         584,
         605,
         628,
         649,
         677,
         699,
         722,
         751,
         781,
         809,
         836,
         868,
         901.7799999999988,
         931.5699999999997,
         966.3599999999988,
         1001,
         1038,
         1076,
         1116,
         1156.3099999999995,
         1204,
         1262,
         1338,
         1409.9400000000023,
         1505,
         1620.0499999999993,
         1739,
         1882.2599999999984,
         2058.84,
         2353.209999999999
      ],
      "maxValue": 3409
   }},
   "crs": "3035",
   "tileSizeCell": 128,
   "originPoint": {
      "x": 0,
      "y": 0
   },
   "resolutionGeo": 20000,
   "tilingBounds": {
      "yMin": 0,
      "yMax": 2,
      "xMax": 2,
      "xMin": 0
   }
}