{
   "dims": {"elevation": {
      "averageValue": 444.5052550779405,
      "minValue": -5,
      "percentiles": [
         1,
         2,
         4,
         5,
         8,
         11,
         14,
         18,
         23,
         27,
         31,
         35,
         39.809999999999945,
         44,
         49,
         55,
         59,
         64,
         69.0300000000002,
         74,
         79,
         82,
         87,
         91,
         95,
         100,
         104,
         108,
         113,
         117,
         122,
         127,
         132,
         136,
         141,
         147,
         152,
         157,
         163,
         170,
         176,
         183,
         190,
         198.27999999999975,
         206,
         213,
         221,
         229,
         238,
         248,
         257,
         268,
         278,
         288,
         299,
         311,
         323,
         336,
         350,
         363,
         376,
         390,
         404,
         420,
         437,
         454,
         470,
         488,
         507,
         530,
         552,
         578,
         599,
         622,
         647.75,
         673,
         697,
         725,
         754,
         785,
         811,
         841,
         874,
         905,
         938,
         975,
         1013,
         1049,
         1093,
         1133,
         1185,
         1243,
         1316.4100000000017,
         1398.7799999999988,
         1505.1499999999996,
         1628,
         1774.8899999999994,
         1960,
         2196.260000000002
      ],
      "maxValue": 2898
   }},
   "crs": "3035",
   "tileSizeCell": 128,
   "originPoint": {
      "x": 0,
      "y": 0
   },
   "resolutionGeo": 20000,
   "tilingBounds": {
      "yMin": 0,
      "yMax": 2,
      "xMax": 2,
      "xMin": 0
   }
}