{
   "dims": {"elevation": {
      "averageValue": 425.46665536340004,
      "minValue": 0,
      "percentiles": [
         0,
         0,
         0,
         0,
         1,
         2,
         3,
         5,
         8,
         11,
         15,
         19,
         23,
         27,
         32,
         36,
         41,
         46,
         51,
         56,
         62,
         67,
         72,
         77,
         81,
         85,
         90,
         94,
         99,
         103,
         108,
         112.40000000000055,
         117,
         122,
         127,
         132,
         137,
         142,
         148,
         153,
         159,
         165,
         172,
         179,
         187,
         195,
         203,
         211,
         219,
         227,
         236,
         246,
         257,
         267,
         278,
         288,
         299,
         312,
         325,
         338,
         353,
         366.89999999999964,
         381,
         395,
         411,
         428,
         448,
         463,
         480,
         501,
         523,
         546,
         572,
         595,
         620,
         645,
         671.1499999999996,
         698,
         727,
         758,
         789,
         815,
         849,
         883.7999999999993,
         913,
         953,
         991,
         1030,
         1073,
         1113,
         1162,
         1223,
         1288,
         1372,
         1484.25,
         1597.4000000000015,
         1753,
         1952.0999999999985,
         2190
      ],
      "maxValue": 2898
   }},
   "crs": "3035",
   "tileSizeCell": 128,
   "originPoint": {
      "x": 0,
      "y": 0
   },
   "resolutionGeo": 20000,
   "tilingBounds": {
      "yMin": 0,
      "yMax": 2,
      "xMax": 2,
      "xMin": 0
   }
}