{
   "dims": {"elevation": {
      "averageValue": 372.08200664299625,
      "minValue": -5,
      "percentiles": [
         0,
         0,
         0,
         0,
         0,
         0,
         0,
         0,
         0,
         0,
         0,
         0,
         0,
         0,
         0,
         0,
         0,
         0,
         1,
         2,
         3,
         5,
         9,
         13,
         18,
         24,
         29,
         35,
         40,
         46,
         52,
         58.159999999999854,
         65,
         72,
         78,
         83,
         88,
         93,
         99,
         104,
         109,
         115,
         121,
         127,
         133,
         139,
         146,
         153,
         160,
         168,
         176,
         184,
         194,
         204,
         213,
         223,
         233,
         244,
         257,
         269,
         282,
         295,
         309,
         323,
         339,
         355,
         371,
         387,
         404,
         425,
         447,
         465,
         488,
         511,
         536,
         565,
         593,
         620.1400000000012,
         651,
         680.4000000000015,
         714,
         750,
         787,
         817,
         858.5499999999993,
         893,
         931,
         978.4400000000005,
         1023,
         1068.7000000000007,
         1113,
         1168,
         1236,
         1317.2199999999975,
         1420,
         1551,
         1695.2200000000012,
         1877.739999999998,
         2138
      ],
      "maxValue": 2898
   }},
   "crs": "3035",
   "tileSizeCell": 128,
   "originPoint": {
      "x": 0,
      "y": 0
   },
   "resolutionGeo": 20000,
   "tilingBounds": {
      "yMin": 0,
      "yMax": 2,
      "xMax": 2,
      "xMin": 0
   }
}