{
   "dims": {"elevation": {
      "averageValue": 412.78763361483493,
      "minValue": -5,
      "percentiles": [
         0,
         0,
         0,
         0,
         0,
         0,
         0,
         1,
         2,
         4,
         6,
         8,
         12,
         15,
         20,
         25,
         29,
         34,
         38,
         43,
         48,
         54,
         59,
         64,
         70,
         75,
         80,
         84,
         88,
         93,
         98,
         103,
         108,
         112.5600000000004,
         117,
         122,
         127,
         132.92000000000007,
         138,
         143.60000000000036,
         150,
         155,
         161,
         168,
         176,
         183,
         191,
         200,
         208,
         216,
         225,
         234,
         243,
         254,
         265,
         276,
         286,
         297,
         311,
         323,
         337,
         351,
         365,
         379,
         394,
         411,
         429,
         448,
         464,
         482.7999999999993,
         503,
         526,
         551,
         578,
         600,
         625,
         652.1800000000003,
         680,
         708,
         735,
         768,
         797,
         824.2199999999993,
         861.5599999999995,
         894,
         930,
         969,
         1010,
         1051,
         1101,
         1142.9400000000005,
         1203.2800000000007,
         1265.6200000000008,
         1359,
         1468.2999999999993,
         1592,
         1748.9799999999996,
         1941.5199999999968,
         2185.3199999999997
      ],
      "maxValue": 2898
   }},
   "crs": "3035",
   "tileSizeCell": 128,
   "originPoint": {
      "x": 0,
      "y": 0
   },
   "resolutionGeo": 20000,
   "tilingBounds": {
      "yMin": 0,
      "yMax": 2,
      "xMax": 2,
      "xMin": 0
   }
}