{
   "dims": {"elevation": {
      "averageValue": 460.27140089785377,
      "minValue": -7,
      "percentiles": [
         1,
         3,
         5,
         8,
         11,
         15,
         19,
         24,
         28.050000000000182,
         33,
         38,
         43,
         47,
         52,
         58,
         63,
         68,
         73,
         77,
         81,
         85,
         90,
         94,
         98,
         102,
         107,
         111,
         115,
         120,
         124,
         129,
         134,
         139,
         145,
         150,
         155,
         160,
         166,
         172,
         179,
         186,
         193,
         201,
         209,
         217,
         225,
         233,
         242,
         251,
         261,
         271,
         281,
         291,
         302,
         314,
         326,
         339,
         351,
         365,
         378,
         393,
         407,
         422,
         439,
         456,
         473,
         491,
         508,
         529,
         550,
         572,
         595,
         619,
         644,
         669,
         695,
         721,
         750,
         776,
         806,
         837,
         865,
         894,
         926,
         961,
         999,
         1034,
         1074,
         1117,
         1166,
         1218,
         1280,
         1354,
         1444,
         1540.75,
         1656,
         1803,
         2001.0999999999985,
         2239.550000000003
      ],
      "maxValue": 3473
   }},
   "crs": "3035",
   "tileSizeCell": 128,
   "originPoint": {
      "x": 0,
      "y": 0
   },
   "resolutionGeo": 10000,
   "tilingBounds": {
      "yMin": 0,
      "yMax": 4,
      "xMax": 5,
      "xMin": 1
   }
}