{
   "dims": {"elevation": {
      "averageValue": 489.642236147108,
      "minValue": -185,
      "percentiles": [
         2,
         7,
         12,
         17,
         22,
         28,
         33,
         38,
         43,
         48,
         53,
         59,
         64,
         69,
         74,
         78,
         82,
         86,
         89,
         94,
         97,
         101,
         106,
         110,
         115,
         119,
         124,
         129,
         133,
         138,
         143,
         149,
         154,
         159,
         164,
         170,
         177,
         183,
         190,
         198,
         205,
         213,
         220,
         229,
         237,
         245,
         254,
         264,
         275,
         285,
         295,
         306,
         318,
         331,
         342,
         355,
         368,
         381,
         395.16999999999825,
         409,
         423,
         438,
         453,
         469,
         486,
         504,
         523,
         542,
         563,
         584,
         607,
         631,
         653,
         679,
         705,
         732,
         758,
         785,
         815,
         844,
         875,
         906,
         936,
         969,
         1005,
         1040,
         1078.8099999999977,
         1122,
         1168.0699999999997,
         1224,
         1283,
         1350,
         1423.5900000000038,
         1515,
         1617,
         1725,
         1873,
         2074,
         2359
      ],
      "maxValue": 4575
   }},
   "crs": "3035",
   "tileSizeCell": 128,
   "originPoint": {
      "x": 0,
      "y": 0
   },
   "resolutionGeo": 10000,
   "tilingBounds": {
      "yMin": 0,
      "yMax": 4,
      "xMax": 5,
      "xMin": 1
   }
}