{
   "dims": {"elevation": {
      "averageValue": 412.26089472512797,
      "minValue": -7,
      "percentiles": [
         0,
         0,
         0,
         0,
         0,
         0,
         0,
         0,
         0,
         0,
         0,
         0,
         0,
         1,
         3,
         6,
         10,
         14,
         19,
         25,
         31,
         36,
         42,
         48,
         53,
         60,
         66,
         72,
         77,
         82,
         87,
         92,
         97,
         102,
         107,
         113,
         118,
         123,
         129,
         135,
         141,
         148,
         154,
         161,
         168,
         176,
         184,
         194,
         203,
         212,
         221,
         231,
         241,
         252,
         263,
         274,
         286,
         298,
         311,
         325,
         338,
         353,
         368,
         384,
         400,
         416,
         434,
         453,
         472,
         492,
         511,
         534,
         558,
         582,
         608,
         636,
         664,
         692,
         721,
         753,
         783,
         816,
         848,
         879,
         912,
         949,
         990,
         1028,
         1069,
         1113,
         1164,
         1219,
         1287,
         1372,
         1472,
         1590,
         1736.1199999999953,
         1935,
         2194.0399999999936
      ],
      "maxValue": 3473
   }},
   "crs": "3035",
   "tileSizeCell": 128,
   "originPoint": {
      "x": 0,
      "y": 0
   },
   "resolutionGeo": 10000,
   "tilingBounds": {
      "yMin": 0,
      "yMax": 4,
      "xMax": 5,
      "xMin": 1
   }
}