{
   "dims": {"elevation": {
      "averageValue": 401.8408849312114,
      "minValue": -6,
      "percentiles": [
         0,
         0,
         0,
         0,
         0,
         0,
         0,
         0,
         0,
         0,
         0,
         0,
         1,
         2,
         5,
         9,
         13,
         18,
         24,
         29,
         35,
         41,
         46,
         52,
         58,
         64,
         70,
         75,
         80,
         84,
         89,
         93,
         98,
         103,
         108,
         112,
         117,
         122,
         127,
         132,
         138,
         144,
         149,
         156,
         161,
         168,
         175,
         183,
         192,
         200,
         209,
         218,
         228,
         238,
         248,
         259,
         271,
         282,
         294,
         307,
         320,
         335,
         349,
         364,
         380,
         397,
         413,
         432,
         452,
         472,
         493,
         514,
         537,
         562,
         587,
         613,
         640,
         668,
         697,
         726,
         758,
         789,
         823,
         855,
         886,
         921,
         961,
         1003,
         1042,
         1091,
         1141,
         1201,
         1267.300000000003,
         1354,
         1456,
         1572,
         1705,
         1901,
         2175
      ],
      "maxValue": 3180
   }},
   "crs": "3035",
   "tileSizeCell": 128,
   "originPoint": {
      "x": 0,
      "y": 0
   },
   "resolutionGeo": 10000,
   "tilingBounds": {
      "yMin": 0,
      "yMax": 4,
      "xMax": 5,
      "xMin": 1
   }
}