{
   "dims": {"elevation": {
      "averageValue": 444.45783043097435,
      "minValue": 0,
      "percentiles": [
         0,
         0,
         0,
         1,
         2,
         4,
         7,
         10,
         14,
         19,
         23,
         28,
         33,
         38,
         43,
         48,
         53,
         58,
         64,
         69,
         74,
         78,
         82,
         86,
         91,
         95,
         100,
         104,
         109,
         113,
         117,
         122,
         127,
         132,
         138,
         143,
         148,
         154,
         159,
         165,
         172,
         178,
         186,
         193,
         201,
         209,
         218,
         226,
         235,
         244,
         254,
         264,
         274,
         284,
         295,
         307,
         320,
         332,
         345,
         359,
         373,
         388,
         402,
         418,
         435,
         452,
         470,
         488,
         507,
         528,
         549,
         572,
         596,
         621,
         647,
         673,
         700,
         727,
         757,
         785,
         816,
         847,
         876,
         908,
         942,
         980,
         1018,
         1058,
         1100,
         1148,
         1201,
         1261,
         1333,
         1422.3999999999942,
         1523,
         1639,
         1787,
         1985,
         2230
      ],
      "maxValue": 3473
   }},
   "crs": "3035",
   "tileSizeCell": 128,
   "originPoint": {
      "x": 0,
      "y": 0
   },
   "resolutionGeo": 10000,
   "tilingBounds": {
      "yMin": 0,
      "yMax": 4,
      "xMax": 5,
      "xMin": 1
   }
}