{
   "dims": {"elevation": {
      "averageValue": 379.8093429660728,
      "minValue": -7,
      "percentiles": [
         0,
         0,
         0,
         0,
         0,
         0,
         0,
         0,
         0,
         0,
         0,
         0,
         0,
         0,
         0,
         0,
         0,
         0,
         0,
         1,
         3,
         6,
         11,
         16,
         21,
         27,
         33,
         40,
         46,
         52,
         58,
         65,
         72,
         77,
         83,
         88,
         94,
         99,
         105,
         111,
         116,
         122,
         129,
         136,
         143,
         150,
         156,
         164,
         171,
         180,
         189,
         199,
         209,
         219,
         228,
         239,
         250,
         262,
         273,
         285,
         297.09999999999854,
         311,
         325,
         340,
         355,
         371,
         388,
         404,
         422,
         441,
         460,
         480,
         500,
         522,
         546,
         571,
         598,
         626,
         657,
         686,
         717,
         750,
         782,
         819,
         853,
         887,
         924,
         969,
         1011,
         1059,
         1112,
         1176,
         1243,
         1326,
         1442,
         1565,
         1708,
         1916,
         2187.899999999994
      ],
      "maxValue": 3473
   }},
   "crs": "3035",
   "tileSizeCell": 128,
   "originPoint": {
      "x": 0,
      "y": 0
   },
   "resolutionGeo": 10000,
   "tilingBounds": {
      "yMin": 0,
      "yMax": 4,
      "xMax": 5,
      "xMin": 1
   }
}