{
   "dims": {
      "imputed": {
         "averageValue": 315.8870771899393,
         "minValue": 1,
         "percentiles": [
            5,
            13,
            23.97999999999999,
            34,
            45,
            52,
            59,
            64,
            70,
            75,
            80,
            88,
            93.58000000000004,
            99,
            104,
            108,
            113,
            119,
            124,
            129.20000000000005,
            135,
            140,
            144,
            148,
            153,
            160,
            165,
            169.48000000000025,
            174,
            178,
            183,
            187,
            191,
            197,
            201,
            205,
            210,
            215,
            222,
            227,
            231,
            236,
            239.3800000000001,
            245,
            250,
            255,
            261,
            266,
            272,
            277,
            284,
            288,
            293,
            300,
            307,
            314.9600000000005,
            321.6199999999999,
            329,
            337,
            341,
            348.25999999999976,
            355,
            361,
            368,
            375,
            382,
            389,
            396,
            402,
            407,
            414,
            421,
            430,
            438,
            445,
            453,
            463,
            470,
            477,
            488,
            498,
            510,
            520,
            529.4399999999996,
            541.0999999999995,
            553.7600000000002,
            567,
            583,
            598,
            612,
            627,
            645,
            660,
            680.04,
            706.6999999999998,
            737.3599999999997,
            771.0199999999995,
            815,
            878.3400000000001
         ],
         "maxValue": 1232
      },
      "Log_soc": {
         "averageValue": 746.4947961838682,
         "minValue": 0,
         "percentiles": [
            0,
            0,
            0,
            0,
            0,
            0,
            0,
            0,
            0,
            0,
            0.9,
            1,
            2,
            3,
            3.9,
            4.2,
            5,
            6,
            7,
            7.920000000000005,
            8.2,
            9.9,
            10.9,
            11.9,
            12.95,
            14,
            15,
            16.148000000000025,
            17.9,
            19,
            20.1,
            22,
            23.81200000000008,
            25,
            26.9,
            28,
            30.1,
            32,
            34,
            36,
            38,
            40,
            41.9,
            43.903999999999996,
            46.97000000000003,
            49.1,
            52.1,
            55.70399999999995,
            58.83400000000001,
            62,
            65.23199999999997,
            69,
            73,
            77,
            81,
            85.9920000000001,
            91.92399999999998,
            96.3239999999998,
            101,
            106.1,
            113,
            118,
            123.1,
            129.19200000000018,
            136,
            145.01200000000009,
            154,
            162.36400000000003,
            173.3159999999998,
            185,
            194.72999999999985,
            206,
            220,
            233.58800000000008,
            248.3,
            266.2279999999999,
            285.8199999999997,
            305.1,
            328.0260000000003,
            348.98,
            376.406,
            408,
            456.5599999999995,
            499,
            549.2799999999996,
            598.7360000000002,
            678.2880000000001,
            776.5839999999997,
            911.7399999999998,
            1074.3400000000004,
            1272.0840000000026,
            1458.0400000000018,
            1688.2040000000006,
            2038.9119999999998,
            2483.929999999999,
            3408.771999999996,
            4677.195999999995,
            7381.612000000022,
            13054.78000000001
         ],
         "maxValue": 186189.7
      },
      "Log_inc": {
         "averageValue": 12.232645273200308,
         "minValue": 0,
         "percentiles": [
            0,
            0,
            0,
            0,
            0,
            0,
            0,
            0,
            0,
            0,
            0,
            0,
            0,
            0,
            0,
            0,
            0,
            0,
            0,
            0.2,
            0.7,
            0.9,
            0.9,
            1,
            1,
            1,
            1,
            1,
            1,
            1,
            1,
            1.1,
            1.1,
            1.1,
            1.2,
            1.4,
            1.7,
            1.9,
            1.9,
            2,
            2,
            2,
            2,
            2.1,
            2.1,
            2.2,
            2.4,
            2.7,
            2.9,
            3,
            3,
            3,
            3.1,
            3.1,
            3.2,
            3.6,
            3.8,
            4,
            4,
            4.1,
            4.2,
            4.3,
            4.8,
            5,
            5,
            5.2,
            5.5,
            5.988000000000011,
            6.1,
            6.3,
            6.9,
            7,
            7.3,
            7.9,
            8.1,
            8.9,
            9.1,
            9.8,
            10.114000000000033,
            11,
            11.3,
            12.1,
            13,
            13.9,
            15,
            16.1,
            17.242000000000008,
            19.1,
            20.8,
            23,
            25.118000000000123,
            28.9,
            33.7,
            39.21199999999999,
            45.649999999999906,
            56.07199999999994,
            71.1079999999998,
            100.23600000000006,
            166.47000000000008
         ],
         "maxValue": 2113.5
      },
      "Log_av45": {
         "averageValue": 1317.497675628794,
         "minValue": 0,