{
   "dims": {"value": {
      "averageValue": 633481.1183712836,
      "minValue": 1,
      "percentiles": [
         1447,
         3171,
         5206.650000000001,
         7261,
         9439,
         12112,
         14377,
         16564,
         18899,
         21601,
         23815,
         26472,
         28992,
         31265,
         34161,
         36898,
         39311.21,
         42174,
         44840,
         47995,
         50540,
         53118,
         56055,
         58922,
         61972,
         65427,
         68706,
         72282,
         75717.02999999994,
         78903,
         82278,
         85858.04000000001,
         89608,
         93396,
         97517,
         101587,
         105344,
         109323.93999999999,
         114016,
         118335,
         123304,
         128068,
         133456,
         138741.3200000001,
         144116,
         151040,
         156988,
         163771,
         170786,
         178975,
         186469,
         194652.76,
         204104,
         212959.34000000003,
         222878,
         233030.64000000036,
         242617,
         255888,
         267751.62999999896,
         281320.80000000034,
         294936,
         309853,
         327438,
         343453,
         359561,
         377764,
         396724.28,
         416804,
         439679,
         461276.4999999973,
         486635,
         514346,
         541542,
         567480.62,
         596326,
         631154,
         665183,
         701834,
         740715,
         790080,
         848197,
         906016,
         966836,
         1031765,
         1110799,
         1200984.04,
         1318723,
         1424205,
         1539491,
         1680151,
         1822342,
         1975260.2800000026,
         2132145,
         2344448,
         2674265,
         3195910,
         3744547,
         4814802.719999991,
         7856567
      ],
      "maxValue": 1.2736637E7
   }},
   "crs": "3035",
   "tileSizeCell": 128,
   "originPoint": {
      "x": 0,
      "y": 0
   },
   "resolutionGeo": 1000,
   "tilingBounds": {
      "yMin": 11,
      "yMax": 39,
      "xMax": 45,
      "xMin": 20
   }
}