{
   "dims": {"elevation": {
      "averageValue": 434.59574030563476,
      "minValue": -8,
      "percentiles": [
         0,
         0,
         0,
         0,
         0,
         0,
         0,
         1,
         2,
         5,
         8,
         12,
         17,
         22,
         28,
         33,
         38,
         44,
         49,
         54,
         60,
         66,
         71,
         76,
         81,
         85,
         89,
         94,
         98,
         102,
         107,
         112,
         117,
         121,
         126,
         132,
         137,
         143,
         148,
         154,
         159,
         166,
         172,
         179,
         187,
         194,
         203,
         211,
         220,
         229,
         238,
         248,
         258,
         268,
         279,
         291,
         303,
         315,
         328,
         342,
         356,
         371,
         386,
         402,
         418,
         436,
         452,
         471,
         490,
         511,
         532,
         555,
         579,
         604,
         630,
         658,
         685,
         714,
         743,
         774,
         806,
         838,
         869,
         903,
         938,
         975,
         1013,
         1055,
         1098,
         1148,
         1202,
         1267,
         1341,
         1427,
         1533,
         1651,
         1796,
         1991.9599999999919,
         2266
      ],
      "maxValue": 3622
   }},
   "crs": "3035",
   "tileSizeCell": 128,
   "originPoint": {
      "x": 0,
      "y": 0
   },
   "resolutionGeo": 5000,
   "tilingBounds": {
      "yMin": 1,
      "yMax": 8,
      "xMax": 11,
      "xMin": 3
   }
}