{
   "dims": {"elevation": {
      "averageValue": 468.6461993813494,
      "minValue": -8,
      "percentiles": [
         1,
         3,
         6,
         9,
         13,
         18,
         22,
         27,
         32,
         37,
         42,
         47,
         52,
         57,
         62,
         67,
         72,
         77,
         81,
         85,
         89,
         93,
         97,
         101,
         106,
         110,
         114,
         119,
         123,
         128,
         133,
         138,
         143,
         148,
         154,
         159,
         165,
         171,
         177,
         184,
         191,
         199,
         206,
         214,
         222,
         231,
         239,
         249,
         258,
         267,
         278,
         288,
         299,
         310,
         322,
         334,
         347,
         360,
         374,
         387,
         402,
         417,
         433,
         448,
         465,
         482,
         500,
         519,
         539,
         560,
         582,
         605,
         629,
         654,
         679,
         705,
         732,
         759,
         787,
         816.2000000000116,
         846,
         875,
         906,
         938,
         973,
         1009,
         1046,
         1086,
         1131,
         1181,
         1236,
         1301,
         1376,
         1463,
         1566,
         1682,
         1827,
         2018,
         2282
      ],
      "maxValue": 3622
   }},
   "crs": "3035",
   "tileSizeCell": 128,
   "originPoint": {
      "x": 0,
      "y": 0
   },
   "resolutionGeo": 5000,
   "tilingBounds": {
      "yMin": 1,
      "yMax": 8,
      "xMax": 11,
      "xMin": 3
   }
}