{
   "dims": {"elevation": {
      "averageValue": 456.2221721203413,
      "minValue": 0,
      "percentiles": [
         0,
         0,
         1,
         2,
         4,
         7,
         11,
         15,
         20,
         25,
         30,
         35,
         40,
         45,
         50,
         55,
         61,
         66,
         71,
         76,
         80,
         84,
         88,
         93,
         97,
         101,
         106,
         110,
         115,
         119,
         124,
         129,
         134,
         139,
         145,
         150,
         155,
         161,
         167,
         173,
         180,
         187,
         195,
         202,
         210,
         218,
         227,
         235,
         245,
         254,
         264,
         275,
         285,
         296,
         307,
         319,
         332,
         345,
         359,
         372,
         386,
         401,
         417,
         433,
         449,
         466,
         484,
         503,
         522,
         543,
         565,
         588,
         611,
         636,
         662,
         688,
         715,
         743,
         771,
         801,
         831,
         861,
         892,
         924,
         958,
         996,
         1032.2999999999884,
         1073,
         1118,
         1166,
         1221,
         1286,
         1360,
         1447,
         1552,
         1667,
         1813,
         2006,
         2274.100000000006
      ],
      "maxValue": 3622
   }},
   "crs": "3035",
   "tileSizeCell": 128,
   "originPoint": {
      "x": 0,
      "y": 0
   },
   "resolutionGeo": 5000,
   "tilingBounds": {
      "yMin": 1,
      "yMax": 8,
      "xMax": 11,
      "xMin": 3
   }
}