x,y,Ind,Ind_0_3,Ind_11_17,Ind_18_24,Ind_25_39,Ind_40_54,Ind_4_5,Ind_55_64,Ind_65_79,Ind_6_10,Ind_80p,Ind_inc,Ind_snv,Men,Men_pauv
127,0,9,0.1,0.4,0.6,0.7,2.5,0,0.6,1.9,0.6,1.2000000000000002,0.4,230693.4,4.2,0.9
127,1,82.5,4.3,3.5,7.1,14.4,22.4,2.1,7.9,8.9,8.4,2.2,1.3,1788193.5,31.3,5
127,2,20,0.30000000000000004,1,0.1,1.6,2.6,0.1,3.3,6.6,0.6000000000000001,2.4,1.4,611757,10.299999999999999,1
127,3,22,0.4,1.2,0.4,2,3.3,0.1,3.5,6.699999999999999,0.6,2.7,1.1,652645.9,11.2,1.2999999999999998
127,4,45,1.2,2.2,1.5999999999999999,5.1,8.200000000000001,0,6.6,11.9,1.9,5.8,0.5,1262340.8,22.799999999999997,2.5
127,5,34,0.9,1.9000000000000001,1.3,3.8,6.2,0,5.000000000000001,9.100000000000001,1.3,4.3,0.2,953768.7,17.2,1.9000000000000001
127,6,21.5,1.1,1.3,0.8,2.7,3.5,0.6000000000000001,3.8,4.8,0.2,2.7,0,522564.5,10.8,1.6
127,7,5.5,0.3,0.3,0.2,0.7,0.9,0.2,1,1.2,0,0.7,0,133679.3,2.8,0.4
