x,y,Ind,Ind_0_3,Ind_11_17,Ind_18_24,Ind_25_39,Ind_40_54,Ind_4_5,Ind_55_64,Ind_65_79,Ind_6_10,Ind_80p,Ind_inc,Ind_snv,Men,Men_pauv
95,1,17,1.8,0.9,0,4.4,1.8,1.8,2.7,2.7,0.9,0,0,315866.9,5.4,0
95,2,2,0.2,0.1,0,0.6,0.2,0.2,0.3,0.3,0.1,0,0,37160.8,0.6,0
96,1,182,2.900000000000001,14,3.0000000000000004,17.099999999999998,31.199999999999996,4.000000000000001,30.9,42.1,5.8,25,6,4103525.4999999995,96,10.999999999999998
96,2,23,0,2.3,0.6,1.7000000000000002,5.7,0.5,4.8,3.5,1,2.3,0.6,479908.19999999995,9.799999999999999,2.3
97,1,179,3.0000000000000004,9.5,9.000000000000002,9.899999999999999,32.8,0,34.199999999999996,48.10000000000001,2.5000000000000004,24.9,5.1000000000000005,4081343,100.89999999999999,11.100000000000001
97,2,47,0,4.699999999999999,1.4000000000000001,3.3000000000000003,11.4,0.5,10.200000000000001,7.4,2.0000000000000004,4.699999999999999,1.4000000000000001,980681.9,20.200000000000003,4.699999999999999
98,1,28,0,1.0999999999999999,2,2.9000000000000004,7.999999999999999,0,2.9000000000000004,7.1,1.0999999999999999,2.9000000000000004,0,662740.6,14,4
