{
   "dims": {
      "tcd": {
         "averageValue": 31.61,
         "minValue": 10,
         "percentiles": [
            10.01,
            11,
            11.03,
            12.04,
            13,
            13,
            13.14,
            15.08,
            16.09,
            17,
            17.11,
            18,
            18,
            18.14,
            19,
            19,
            19.17,
            20,
            20.19,
            21,
            21.21,
            22,
            22.23,
            23,
            23.25,
            24,
            24,
            24.28,
            25,
            25,
            25,
            25.32,
            26,
            26,
            26,
            26,
            26,
            26.380000000000003,
            27,
            27,
            27,
            27,
            27.43,
            28.439999999999998,
            29.450000000000003,
            30,
            30,
            30,
            30.490000000000002,
            31,
            31,
            31.520000000000003,
            32,
            32,
            32.550000000000004,
            33,
            33.56999999999999,
            34,
            34.589999999999996,
            35,
            35,
            35,
            35,
            35.64,
            36,
            36,
            36,
            36,
            36,
            36,
            36.709999999999994,
            37,
            37,
            38.47999999999999,
            39,
            39,
            39.769999999999996,
            40,
            40.790000000000006,
            41,
            41.81,
            42,
            42.83,
            43,
            43.849999999999994,
            44.86,
            45.870000000000005,
            46.879999999999995,
            48.78,
            49.900000000000006,
            50.91,
            51,
            51.93000000000001,
            52,
            56.74999999999994,
            57,
            58.94,
            59.980000000000004,
            60
         ],
         "maxValue": 60
      },
      "dlt": {
         "averageValue": 1.2222222222222223,
         "minValue": 1,
         "percentiles": [
            1,
            1,
            1,
            1,
            1,
            1,
            1,
            1,
            1,
            1,
            1,
            1,
            1,
            1,
            1,
            1,
            1,
            1,
            1,
            1,
            1,
            1,
            1,
            1,
            1,
            1,
            1,
            1,
            1,
            1,
            1,
            1,
            1,
            1,
            1,
            1,
            1,
            1,
            1,
            1,
            1,
            1,
            1,
            1,
            1,
            1,
            1,
            1,
            1,
            1,
            1,
            1,
            1,
            1,
            1,
            1,
            1,
            1,
            1,
            1,
            1,
            1,
            1,
            1,
            1,
            1,
            1,
            1,
            1,
            1,
            1.0999999999999996,
            1.1999999999999993,
            1.2999999999999998,
            1.4000000000000004,
            1.5,
            1.5999999999999996,
            1.7000000000000002,
            1.8000000000000007,
            1.9000000000000004,
            2,
            2,
            2,
            2,
            2,
            2,
            2,
            2,
            2,
            2,
            2,
            2,
            2,
            2,
            2,
            2,
            2,
            2,
            2,
            2
         ],
         "maxValue": 2
      }
   },
   "crs": "3035",
   "tileSizeCell": 128,
   "originPoint": {
      "x": 0,
      "y": 0
   },
   "resolutionGeo": 10000,
   "tilingBounds": {
      "yMin": 2,
      "yMax": 2,
      "xMax": 3,
      "xMin": 3
   }
}