{
   "dims": {
      "tcd": {
         "averageValue": 48.708421876747565,
         "minValue": 1,
         "percentiles": [
            1,
            1,
            2,
            3,
            3,
            4,
            4,
            5,
            6,
            6,
            7,
            8,
            8,
            9,
            10,
            10,
            11,
            12,
            13,
            13,
            14,
            15,
            15,
            16,
            16,
            17,
            18,
            18,
            19,
            20,
            20,
            21,
            21,
            22,
            23,
            23,
            24,
            25,
            25,
            26,
            27,
            28,
            28,
            29,
            30,
            31,
            31,
            32,
            33,
            34,
            35,
            35,
            36,
            37,
            38,
            38,
            39,
            40,
            41,
            41,
            42,
            43,
            44,
            45,
            46,
            47,
            48,
            49,
            50,
            51,
            52,
            53,
            54,
            55,
            56,
            58,
            59,
            60,
            61,
            63,
            64,
            66,
            68,
            70,
            72,
            75,
            78,
            82,
            89,
            105,
            124,
            142,
            161,
            179,
            195,
            211,
            225,
            237,
            247
         ],
         "maxValue": 254
      },
      "dlt": {
         "averageValue": 1.5017735651567135,
         "minValue": 1,
         "percentiles": [
            1,
            1,
            1,
            1,
            1,
            1,
            1,
            1,
            1,
            1,
            1,
            1,
            1,
            1,
            1,
            1,
            1,
            1,
            1,
            1,
            1,
            1,
            1,
            1,
            1,
            1,
            1,
            1,
            1,
            1,
            1,
            1,
            1,
            1,
            1,
            1,
            1,
            1,
            1,
            1,
            1,
            1,
            1,
            1,
            1,
            1,
            1,
            1,
            1,
            2,
            2,
            2,
            2,
            2,
            2,
            2,
            2,
            2,
            2,
            2,
            2,
            2,
            2,
            2,
            2,
            2,
            2,
            2,
            2,
            2,
            2,
            2,
            2,
            2,
            2,
            2,
            2,
            2,
            2,
            2,
            2,
            2,
            2,
            2,
            2,
            2,
            2,
            2,
            2,
            2,
            2,
            2,
            2,
            2,
            2,
            2,
            2,
            2,
            2
         ],
         "maxValue": 2
      }
   },
   "crs": "3035",
   "tileSizeCell": 128,
   "originPoint": {
      "x": 0,
      "y": 0
   },
   "resolutionGeo": 10000,
   "tilingBounds": {
      "yMin": 0,
      "yMax": 4,
      "xMax": 5,
      "xMin": 0
   }
}