x,y,Ind,Ind_0_3,Ind_11_17,Ind_18_24,Ind_25_39,Ind_40_54,Ind_4_5,Ind_55_64,Ind_65_79,Ind_6_10,Ind_80p,Ind_inc,Ind_snv,Men,Men_pauv
125,100,4,0.1,0.3,0.2,0.4,0.4,0,0.4,1.5,0.2,0.5,0,106357.4,1.7,0.1
126,99,7,0.2,0.5,0.4,0.8,0.6,0,0.6,2.6,0.3,1,0,186125.5,3.1,0.2
126,100,25.5,0.7000000000000001,1.8,1.4,2.8,2.3000000000000003,0,2.4000000000000004,9.399999999999999,1.2000000000000002,3.5,0,678028.6,11.200000000000001,0.6000000000000001
126,94,2,0,0.1,0.1,0.4,0.7,0,0.2,0.2,0.1,0.2,0,56710.3,0.9,0
127,99,4,0,0.5,0.3,0.6,1.1,0,0.8,0.4,0.2,0,0.1,92263.5,1.5,0.1
127,101,5,0.2,0.30000000000000004,0.30000000000000004,0.5,0.5,0,0.5,1.8,0.2,0.7,0,132946.8,2.2,0.1
127,98,77,2.9000000000000004,3.5,3.5999999999999996,12.4,20.6,2.1,11.799999999999999,9.6,7.1000000000000005,3.3,0.1,2004527.3,34,0.6
