{
   "dims": {
      "imputed": {
         "averageValue": 315.6238723108952,
         "minValue": 1,
         "percentiles": [
            5,
            13,
            23,
            34,
            45,
            52,
            59.55000000000001,
            65,
            70,
            75,
            81,
            88,
            93,
            99,
            104,
            109,
            114,
            119,
            124,
            130,
            134.64999999999986,
            140,
            144,
            148,
            155,
            160,
            165,
            169,
            174,
            178,
            183,
            187,
            191,
            196,
            201,
            206,
            210,
            216,
            221,
            226,
            231,
            236,
            239,
            245,
            250,
            255,
            261,
            266,
            272,
            277,
            283,
            288,
            294,
            300,
            307,
            313,
            321,
            328,
            335.3499999999999,
            341,
            348,
            354,
            361,
            368,
            375,
            382,
            389,
            396,
            403,
            407.49999999999955,
            415,
            421,
            429,
            438,
            445,
            453,
            462,
            470,
            478.35000000000036,
            488,
            499,
            510,
            518,
            529,
            540,
            551,
            568,
            582.1999999999998,
            596,
            610,
            625,
            641.6000000000004,
            658,
            677,
            706,
            731,
            769.0500000000002,
            815.6999999999998,
            877.7000000000007
         ],
         "maxValue": 1219
      },
      "Log_soc": {
         "averageValue": 761.409732824423,
         "minValue": 0,
         "percentiles": [
            0,
            0,
            0,
            0,
            0,
            0,
            0,
            0,
            0,
            0,
            0.9,
            1.1,
            2,
            3,
            3.8,
            4.1,
            5,
            6,
            7,
            8,
            9,
            10,
            11,
            12,
            13,
            14,
            15.1,
            16.9,
            18,
            19.9,
            21.1,
            22.75999999999999,
            24,
            25.91000000000001,
            27,
            29,
            31,
            33,
            34.93499999999999,
            36.9,
            38.9,
            41,
            42.9,
            45,
            48,
            51,
            53.1,
            56.61999999999998,
            59.9,
            63.05,
            67.91500000000002,
            71,
            74.84500000000003,
            78.1,
            83,
            87.94000000000001,
            92.00499999999997,
            97.86999999999999,
            103.03499999999998,
            108,
            112.9,
            120,
            125.28999999999996,
            132.1,
            140,
            148.74000000000007,
            158,
            169.82000000000005,
            178.65499999999997,
            189.44999999999968,
            201.20499999999973,
            212.1,
            226.945,
            240.03000000000011,
            255.975,
            271.3599999999997,
            291.03500000000014,
            313.16999999999996,
            338.2100000000002,
            364,
            393.89500000000015,
            432.9299999999999,
            470.89999999999964,
            510.05999999999995,
            559.95,
            617.4899999999982,
            685.2750000000001,
            790.8399999999999,
            927.4150000000014,
            1084.35,
            1295.6850000000031,
            1516.4400000000007,
            1765.2800000000002,
            2095.93,
            2599.925,
            3509.9199999999873,
            4832.435000000001,
            7526.59999999999,
            13280.900000000047
         ],
         "maxValue": 189734.1
      },
      "Log_inc": {
         "averageValue": 13.930846634281698,
         "minValue": 0,
         "percentiles": [
            0,
            0,
            0,
            0,
            0,
            0,
            0,
            0,
            0,
            0,
            0,
            0,
            0,
            0,
            0,
            0.5,
            0.8,
            0.9,
            1,
            1,
            1,
            1,
            1,
            1,
            1,
            1.1,
            1.1,
            1.2,
            1.4,
            1.8,
            1.9,
            2,
            2,
            2,
            2,
            2,
            2.1,
            2.2,
            2.2,
            2.4,
            2.7,
            2.9,
            3,
            3,
            3,
            3.1,
            3.2,
            3.3,
            3.6,
            3.9,
            4,
            4,
            4,
            4.1,
            4.3,
            4.5,
            4.8,
            4.969999999999982,
            5,
            5.1,
            5.4,
            5.8,
            6,
            6.1,
            6.3,
            6.7,
            7,
            7.1,
            7.5,
            7.9,
            8.1,
            8.4,
            9,
            9.2,
            9.975,
            10.2,
            10.8,
            11.2,
            12,
            12.7,
            13.4,
            14.1,
            15,
            15.959999999999946,
            17.025,
            18.2,
            20,
            21.9,
            24,
            26.1,
            28.13000000000011,
            31.3,
            36.84500000000007,
            42.10999999999995,
            49.1,
            61.57999999999993,
            78.21500000000006,
            108.91999999999989,
            190.5800000000003
         ],
         "maxValue": 2631.7
      },
      "Log_av45": {
         "averageValue": 1309.5272206800873,
         "minValue": 0,