{
   "dims": {"value": {
      "averageValue": 1.972654058003565E8,
      "minValue": 1038,
      "percentiles": [
         1649.3400000000001,
         16623.36,
         40773,
         94289.04000000001,
         175570.2,
         217801.8,
         305164.8,
         370036.68,
         442845,
         562083,
         613647.36,
         778396.6799999998,
         929432.64,
         1073044.84,
         1133707.5,
         1288483.8,
         1412606.7000000004,
         1709400.0399999998,
         1959607.2,
         2097926.400000001,
         2430737.5999999996,
         2929040.64,
         3071473.4400000004,
         3515599.5599999996,
         3922807,
         4307219.960000001,
         4914776.060000001,
         5455347.08,
         5814149.1,
         6262013.8,
         6854297.9399999995,
         7699030.08,
         7986021.120000001,
         8495186.120000001,
         9623494.5,
         1.0420575959999999E7,
         1.1382458659999998E7,
         1.204460068E7,
         1.3173225780000001E7,
         1.4046180000000004E7,
         1.4852713119999997E7,
         1.5534432719999999E7,
         1.5991231E7,
         1.66227396E7,
         1.74298474E7,
         1.882282468000002E7,
         2.1697293639999997E7,
         2.3068844279999994E7,
         2.4258779399999995E7,
         2.566924E7,
         2.76539963E7,
         2.8573535280000005E7,
         3.025855684E7,
         3.250430976E7,
         3.5052916700000025E7,
         3.745426964E7,
         3.886142392E7,
         4.199734167999999E7,
         4.3392795E7,
         4.538018999999998E7,
         4.9148742599999994E7,
         5.1646631519999996E7,
         5.764835326E7,
         6.077391736000001E7,
         6.569452110000002E7,
         6.99682244E7,
         7.503699628E7,
         7.920109096000004E7,
         8.317237735999998E7,
         8.624456659999995E7,
         9.186296819999997E7,
         9.745237475999993E7,
         1.1265337589999999E8,
         1.15366602E8,
         1.21524118E8,
         1.294493554E8,
         1.3430675376E8,
         1.5500188732E8,
         1.6517077426000002E8,
         1.7003237200000003E8,
         1.9071825208000013E8,
         2.0869023319999996E8,
         2.237178902799999E8,
         2.4787928935999995E8,
         2.7982879319999987E8,
         3.0085047884E8,
         3.6844830778E8,
         4.1061529112E8,
         4.3489556616E8,
         4.913567054000001E8,
         5.626605268400003E8,
         6.884723875200021E8,
         9.538624562200023E8,
         1.1005380388799996E9,
         1.5536380134999993E9,
         1.7658980108399985E9,
         2.13349546062E9,
         2.147483647E9,
         2.147483647E9
      ],
      "maxValue": 2.147483647E9
   }},
   "crs": "3035",
   "tileSizeCell": 128,
   "originPoint": {
      "x": 0,
      "y": 0
   },
   "resolutionGeo": 100000,
   "tilingBounds": {
      "yMin": 0,
      "yMax": 0,
      "xMax": 0,
      "xMin": 0
   }
}