{
   "dims": {
      "imputed": {
         "averageValue": 1.5736689062196203,
         "minValue": 0,
         "percentiles": [
            0,
            0,
            0,
            0,
            0,
            1,
            1,
            1,
            1,
            1,
            1,
            1,
            1,
            1,
            1,
            1,
            1,
            1,
            1,
            1,
            1,
            1,
            1,
            1,
            1,
            1,
            1,
            1,
            1,
            1,
            1,
            1,
            1,
            1,
            1,
            1,
            1,
            1,
            1,
            1,
            1,
            1,
            1,
            1,
            1,
            1,
            1,
            1,
            1,
            1,
            1,
            1,
            1,
            1,
            1,
            1,
            2,
            2,
            2,
            2,
            2,
            2,
            2,
            2,
            2,
            2,
            2,
            2,
            2,
            2,
            2,
            2,
            2,
            2,
            2,
            2,
            2,
            2,
            2,
            2,
            2,
            2,
            2,
            2,
            3,
            3,
            3,
            3,
            3,
            3,
            3,
            3,
            3,
            3,
            3,
            3,
            4,
            4,
            4
         ],
         "maxValue": 4
      },
      "Log_soc": {
         "averageValue": 3.718846810257797,
         "minValue": 0,
         "percentiles": [
            0,
            0,
            0,
            0,
            0,
            0,
            0,
            0,
            0,
            0,
            0,
            0,
            0,
            0,
            0,
            0,
            0,
            0,
            0,
            0,
            0,
            0,
            0,
            0,
            0,
            0,
            0,
            0,
            0,
            0,
            0,
            0,
            0,
            0,
            0,
            0,
            0,
            0,
            0,
            0,
            0,
            0,
            0,
            0,
            0,
            0,
            0,
            0,
            0,
            0,
            0,
            0,
            0,
            0,
            0,
            0,
            0,
            0,
            0,
            0,
            0,
            0,
            0,
            0,
            0,
            0,
            0,
            0,
            0,
            0,
            0,
            0,
            0,
            0,
            0,
            0,
            0,
            0,
            0,
            0,
            0,
            0,
            0,
            0,
            0,
            0,
            0,
            0,
            0,
            0,
            0.1,
            0.4,
            0.9,
            2,
            5,
            11,
            20,
            40,
            96
         ],
         "maxValue": 3183
      },
      "Log_inc": {
         "averageValue": 0.060939920931521556,
         "minValue": 0,
         "percentiles": [
            0,
            0,
            0,
            0,
            0,
            0,
            0,
            0,
            0,
            0,
            0,
            0,
            0,
            0,
            0,
            0,
            0,
            0,
            0,
            0,
            0,
            0,
            0,
            0,
            0,
            0,
            0,
            0,
            0,
            0,
            0,
            0,
            0,
            0,
            0,
            0,
            0,
            0,
            0,
            0,
            0,
            0,
            0,
            0,
            0,
            0,
            0,
            0,
            0,
            0,
            0,
            0,
            0,
            0,
            0,
            0,
            0,
            0,
            0,
            0,
            0,
            0,
            0,
            0,
            0,
            0,
            0,
            0,
            0,
            0,
            0,
            0,
            0,
            0,
            0,
            0,
            0,
            0,
            0,
            0,
            0,
            0,
            0,
            0,
            0,
            0,
            0,
            0,
            0,
            0,
            0,
            0,
            0.1,
            0.1,
            0.2,
            0.3,
            0.4,
            1,
            1
         ],
         "maxValue": 272
      },
      "Log_av45": {
         "averageValue": 6.563437620168008,
         "minValue": 0,
         "percentiles": [
            0,
            0,
            0,
            0.1,
            0.1,
            0.1,
            0.2,
            0.2,
            0.2,
            0.2,
            0.2,
            0.3,
            0.3,
            0.3,
            0.3,
            0.3,
            0.4,
            0.4,
            0.4,
            0.4,
            0.4,
            0.5,
            0.5,
            0.5,
            0.5,
            0.6,
            0.6,
            0.6,
            0.6,
            0.6,
            0.7,
            0.7,
            0.7,
            0.7,
            0.8,
            0.8,
            0.8,
            0.9,
            0.9,
            0.9,
            0.9,
            1,
            1,
            1,
            1.1,
            1.1,
            1.1,
            1.2,
            1.2,
            1.3,
            1.3,
            1.4,
            1.4,
            1.4,
            1.5,
            1.5,
            1.6,
            1.6,
            1.7,
            1.8,
            1.8,
            1.9,
            2,
            2,
            2.1,
            2.2,
            2.3,
            2.4,
            2.5,
            2.6,
            2.7,
            2.8,
            2.9,
            3,
            3.2,
            3.3,
            3.5,
            3.7,
            3.9,
            4.1,
            4.4,
            4.7,
            5,
            5.3,
            5.8,
            6.2,
            6.8,
            7.5,
            8.3,
            9.3,
            10.6,
            12.2,
            14.3,
            17,
            20.8,
            26.1,
            35,
            52,
            96
         ],
         "maxValue": 4478
      },
      "Log_ap90": {
         "averageValue": 6.877357730770697,
         "minValue": 0,