{
   "dims": {
      "Men_1ind": {
         "averageValue": 4.134024497369765,
         "minValue": 0,
         "percentiles": [
            0,
            0,
            0.1,
            0.1,
            0.1,
            0.1,
            0.1,
            0.1,
            0.1,
            0.1,
            0.1,
            0.1,
            0.2,
            0.2,
            0.2,
            0.2,
            0.2,
            0.2,
            0.2,
            0.2,
            0.2,
            0.2,
            0.2,
            0.2,
            0.3,
            0.3,
            0.3,
            0.3,
            0.3,
            0.3,
            0.3,
            0.3,
            0.3,
            0.4,
            0.4,
            0.4,
            0.4,
            0.4,
            0.4,
            0.4,
            0.5,
            0.5,
            0.5,
            0.5,
            0.5,
            0.5,
            0.6,
            0.6,
            0.6,
            0.6,
            0.7,
            0.7,
            0.7,
            0.7,
            0.8,
            0.8,
            0.8,
            0.9,
            0.9,
            0.9,
            1,
            1,
            1,
            1.1,
            1.1,
            1.2,
            1.2,
            1.3,
            1.3,
            1.4,
            1.5,
            1.6,
            1.7,
            1.8,
            1.9,
            2,
            2,
            2.1,
            2.3,
            2.6,
            3,
            3,
            3,
            3.8,
            4,
            4,
            5,
            5.5,
            6,
            7,
            8,
            9,
            11,
            13,
            16,
            20,
            28,
            42,
            72
         ],
         "maxValue": 876
      },
      "Men_fmp": {
         "averageValue": 1.290705846683053,
         "minValue": 0,
         "percentiles": [
            0,
            0,
            0,
            0,
            0,
            0,
            0,
            0,
            0,
            0,
            0,
            0,
            0,
            0,
            0,
            0,
            0,
            0,
            0,
            0,
            0,
            0,
            0,
            0,
            0,
            0,
            0,
            0.1,
            0.1,
            0.1,
            0.1,
            0.1,
            0.1,
            0.1,
            0.1,
            0.1,
            0.1,
            0.1,
            0.1,
            0.1,
            0.1,
            0.1,
            0.1,
            0.1,
            0.1,
            0.1,
            0.1,
            0.1,
            0.1,
            0.2,
            0.2,
            0.2,
            0.2,
            0.2,
            0.2,
            0.2,
            0.2,
            0.2,
            0.2,
            0.2,
            0.2,
            0.3,
            0.3,
            0.3,
            0.3,
            0.3,
            0.3,
            0.4,
            0.4,
            0.4,
            0.4,
            0.5,
            0.5,
            0.5,
            0.6,
            0.6,
            0.7,
            0.7,
            0.8,
            0.9,
            1,
            1,
            1,
            1,
            1.1,
            1.4,
            2,
            2,
            2,
            2,
            3,
            3,
            4,
            5,
            6,
            7,
            9,
            13,
            23
         ],
         "maxValue": 271
      },
      "Men_mais": {
         "averageValue": 6.835514141705385,
         "minValue": 0,
         "percentiles": [
            0.3,
            0.4,
            0.4,
            0.4,
            0.4,
            0.4,
            0.5,
            0.5,
            0.5,
            0.6,
            0.7,
            0.7,
            0.7,
            0.8,
            0.8,
            0.8,
            0.8,
            0.8,
            0.9,
            0.9,
            0.9,
            0.9,
            1,
            1,
            1,
            1.1,
            1.1,
            1.2,
            1.2,
            1.3,
            1.3,
            1.3,
            1.4,
            1.4,
            1.5,
            1.5,
            1.6,
            1.6,
            1.7,
            1.7,
            1.8,
            1.8,
            1.9,
            1.9,
            2,
            2.1,
            2.1,
            2.2,
            2.3,
            2.4,
            2.5,
            2.6,
            2.7,
            2.8,
            2.9,
            3,
            3.1,
            3.2,
            3.4,
            3.5,
            3.7,
            3.8,
            4,
            4.2,
            4.4,
            4.6,
            4.8,
            5,
            5.3,
            5.6,
            5.9,
            6.1,
            6.5,
            6.8,
            7.2,
            7.6,
            8,
            8.5,
            9,
            9.8,
            10.5,
            11,
            12,
            12,
            13,
            14,
            15,
            16,
            17,
            19,
            20,
            22,
            24,
            27,
            29,
            33,
            37,
            44,
            55
         ],
         "maxValue": 885
      },
      "imputed": {
         "averageValue": 0.7927815176731846,
         "minValue": 0,
         "percentiles": [
            0,
            0,
            0,
            0,
            0,
            0,
            0,
            0,
            0,
            0,
            0,
            0,
            0,
            0,
            0,
            0,
            0,
            0,
            0,
            0,
            1,
            1,
            1,
            1,
            1,
            1,
            1,
            1,
            1,
            1,
            1,
            1,
            1,
            1,
            1,
            1,
            1,
            1,
            1,
            1,
            1,
            1,
            1,
            1,
            1,
            1,
            1,
            1,
            1,
            1,
            1,
            1,
            1,
            1,
            1,
            1,
            1,
            1,
            1,
            1,
            1,
            1,
            1,
            1,
            1,
            1,
            1,
            1,
            1,
            1,
            1,
            1,
            1,
            1,
            1,
            1,
            1,
            1,
            1,
            1,
            1,
            1,
            1,
            1,
            1,
            1,
            1,
            1,
            1,
            1,
            1,
            1,
            1,
            1,
            1,
            1,
            1,
            1,
            1
         ],
         "maxValue": 1
      },
      "Men": {
         "averageValue": 11.97826476308148,
         "minValue": 0.2,