{
   "dims": {
      "tcd": {
         "averageValue": 97.88654970760234,
         "minValue": 1,
         "percentiles": [
            2,
            3,
            5,
            6,
            7,
            8,
            8,
            10,
            11,
            12,
            13.159999999999997,
            15,
            17,
            18,
            19,
            20,
            20,
            21,
            22,
            22,
            23,
            23,
            24,
            25,
            26,
            26,
            27,
            28,
            29,
            30,
            31,
            32,
            33,
            34,
            34,
            36,
            37,
            38,
            39,
            40,
            41,
            41,
            43,
            43,
            45,
            45,
            47,
            48,
            50.44,
            52,
            56,
            58,
            60.68000000000001,
            65,
            70.80000000000001,
            74,
            77,
            84.47999999999996,
            90.07999999999993,
            97,
            102.15999999999997,
            110,
            115,
            120,
            126.39999999999998,
            133.96000000000004,
            138.51999999999998,
            143.08000000000004,
            151.64,
            157,
            161.51999999999998,
            166.31999999999994,
            169.88,
            177,
            180,
            185,
            190.12,
            196.68000000000006,
            201.24,
            205,
            208,
            212,
            215,
            217.03999999999996,
            221,
            225,
            231,
            235,
            236,
            239,
            242,
            243,
            244,
            246,
            248,
            249.76,
            251,
            252.88,
            253
         ],
         "maxValue": 254
      },
      "dlt": {
         "averageValue": 1.6132075471698113,
         "minValue": 1,
         "percentiles": [
            1,
            1,
            1,
            1,
            1,
            1,
            1,
            1,
            1,
            1,
            1,
            1,
            1,
            1,
            1,
            1,
            1,
            1,
            1,
            1,
            1,
            1,
            1,
            1,
            1,
            1,
            1,
            1,
            1,
            1,
            1,
            1,
            1,
            1,
            1,
            1,
            1,
            1,
            1.730000000000004,
            2,
            2,
            2,
            2,
            2,
            2,
            2,
            2,
            2,
            2,
            2,
            2,
            2,
            2,
            2,
            2,
            2,
            2,
            2,
            2,
            2,
            2,
            2,
            2,
            2,
            2,
            2,
            2,
            2,
            2,
            2,
            2,
            2,
            2,
            2,
            2,
            2,
            2,
            2,
            2,
            2,
            2,
            2,
            2,
            2,
            2,
            2,
            2,
            2,
            2,
            2,
            2,
            2,
            2,
            2,
            2,
            2,
            2,
            2,
            2
         ],
         "maxValue": 2
      }
   },
   "crs": "3035",
   "tileSizeCell": 128,
   "originPoint": {
      "x": 0,
      "y": 0
   },
   "resolutionGeo": 100000,
   "tilingBounds": {
      "yMin": 0,
      "yMax": 0,
      "xMax": 0,
      "xMin": 0
   }
}