{
   "dims": {
      "tcd": {
         "averageValue": 33.99031007751938,
         "minValue": 1,
         "percentiles": [
            1,
            2,
            3,
            3.6799999999999997,
            5,
            6,
            6,
            7,
            8,
            8,
            8,
            9,
            10,
            10,
            11,
            12,
            12,
            13,
            15,
            15,
            16,
            17,
            18,
            18,
            19,
            20,
            20,
            20,
            21,
            21,
            22,
            22,
            22,
            22,
            23,
            23,
            23.289999999999992,
            24,
            25,
            25.80000000000001,
            26,
            26,
            26,
            27,
            27.650000000000006,
            28,
            28,
            29,
            30,
            30,
            31,
            32,
            32,
            33,
            33,
            34,
            34,
            34,
            35,
            36,
            37,
            38,
            38,
            39,
            39,
            40,
            40,
            41,
            41,
            42,
            42.06999999999999,
            43,
            43,
            45,
            45,
            45,
            46,
            47,
            48,
            50,
            50,
            51,
            52.10999999999996,
            54.27999999999997,
            56,
            57.620000000000005,
            59,
            61,
            64.13,
            67.30000000000001,
            70.47000000000003,
            72.64000000000004,
            74.81,
            75.97999999999996,
            79,
            84.32,
            87.49000000000001,
            92.65999999999997,
            97
         ],
         "maxValue": 99
      },
      "dlt": {
         "averageValue": 1.6132075471698113,
         "minValue": 1,
         "percentiles": [
            1,
            1,
            1,
            1,
            1,
            1,
            1,
            1,
            1,
            1,
            1,
            1,
            1,
            1,
            1,
            1,
            1,
            1,
            1,
            1,
            1,
            1,
            1,
            1,
            1,
            1,
            1,
            1,
            1,
            1,
            1,
            1,
            1,
            1,
            1,
            1,
            1,
            1,
            1.730000000000004,
            2,
            2,
            2,
            2,
            2,
            2,
            2,
            2,
            2,
            2,
            2,
            2,
            2,
            2,
            2,
            2,
            2,
            2,
            2,
            2,
            2,
            2,
            2,
            2,
            2,
            2,
            2,
            2,
            2,
            2,
            2,
            2,
            2,
            2,
            2,
            2,
            2,
            2,
            2,
            2,
            2,
            2,
            2,
            2,
            2,
            2,
            2,
            2,
            2,
            2,
            2,
            2,
            2,
            2,
            2,
            2,
            2,
            2,
            2,
            2
         ],
         "maxValue": 2
      }
   },
   "crs": "3035",
   "tileSizeCell": 128,
   "originPoint": {
      "x": 0,
      "y": 0
   },
   "resolutionGeo": 100000,
   "tilingBounds": {
      "yMin": 0,
      "yMax": 0,
      "xMax": 0,
      "xMin": 0
   }
}