{
   "dims": {
      "imputed": {
         "averageValue": 82.49845818973336,
         "minValue": 1,
         "percentiles": [
            2,
            4,
            6,
            8,
            10,
            12,
            13,
            15,
            17,
            18,
            20,
            21,
            23,
            24,
            25,
            27,
            28,
            29,
            31,
            32,
            33,
            34,
            36,
            37,
            38,
            39,
            41,
            42,
            43,
            44,
            46,
            47,
            48,
            49,
            51,
            52,
            54,
            55,
            56,
            58,
            59,
            60,
            62,
            63,
            65,
            66,
            68,
            69,
            70,
            72,
            74,
            75,
            77,
            78,
            80,
            81,
            83,
            84,
            86,
            88,
            90,
            91,
            93,
            95,
            97,
            99,
            100,
            102,
            104,
            106,
            108,
            110,
            112,
            114,
            116,
            118,
            121,
            123,
            126,
            128,
            131,
            134,
            136,
            140,
            143,
            146,
            150,
            154,
            158,
            163,
            167,
            172,
            177,
            183,
            190,
            199,
            209,
            223,
            244
         ],
         "maxValue": 410
      },
      "Log_soc": {
         "averageValue": 199.01894159259842,
         "minValue": 0,
         "percentiles": [
            0,
            0,
            0,
            0,
            0,
            0,
            0,
            0,
            0,
            0,
            0,
            0,
            0,
            0,
            0,
            0,
            0,
            0,
            0,
            0,
            0,
            0,
            0,
            0,
            0,
            0,
            0,
            0,
            0,
            0,
            0,
            0,
            0,
            0,
            0,
            0,
            0,
            0,
            0,
            0.2,
            0.9,
            1,
            1.1,
            2,
            2,
            2.8,
            3,
            3.6,
            4,
            4.2,
            5,
            5.3,
            6,
            6.9,
            7.1,
            8,
            9,
            10,
            11,
            11.9,
            12.9,
            14,
            15,
            16,
            17.2,
            19,
            20.1,
            22,
            24,
            26,
            28,
            30.2,
            33,
            35.7,
            38.9,
            41.9,
            45,
            49.234000000000016,
            54.4739999999998,
            59.04000000000015,
            65.2,
            72,
            78.8979999999996,
            86.15200000000004,
            97,
            108,
            122.81100000000005,
            141.62799999999987,
            162,
            190,
            223,
            270.07600000000025,
            340,
            430,
            584.4799999999989,
            802.7160000000007,
            1236.4509999999998,
            2018.4259999999897,
            4338.0830000000105
         ],
         "maxValue": 83239
      },
      "Log_inc": {
         "averageValue": 3.6412751677852286,
         "minValue": 0,
         "percentiles": [
            0,
            0,
            0,
            0,
            0,
            0,
            0,
            0,
            0,
            0,
            0,
            0,
            0,
            0,
            0,
            0,
            0,
            0,
            0,
            0,
            0,
            0,
            0,
            0,
            0,
            0,
            0,
            0,
            0,
            0,
            0,
            0,
            0,
            0,
            0,
            0,
            0,
            0,
            0,
            0,
            0,
            0,
            0,
            0,
            0.1,
            0.2,
            0.4,
            0.6,
            0.7,
            0.8,
            0.9,
            0.9,
            1,
            1,
            1,
            1,
            1,
            1,
            1,
            1,
            1,
            1,
            1.1,
            1.1,
            1.2,
            1.2,
            1.4,
            1.7,
            1.9,
            1.9,
            2,
            2,
            2,
            2,
            2.1,
            2.2,
            2.5,
            2.9,
            3,
            3,
            3.1,
            3.2,
            3.9,
            4,
            4.1,
            4.5,
            5,
            5.3,
            6,
            6.7,
            7.1,
            8.1,
            9.2,
            11,
            13,
            16,
            20.9,
            30.09399999999987,
            54.39400000000023
         ],
         "maxValue": 1422
      },
      "Log_av45": {
         "averageValue": 342.28708960638465,
         "minValue": 0,
         "percentiles": [
            0.8,
            2.4,
            4.7,
            7.8,
            10.9,
            14.1,
            17.5,
            20.5,
            24.2,
            27.5,
            30.9,
            34.3,
            37.7,
            41,
            44,
            47,
            49.6,
            52.8,
            56,
            59.06000000000004,
            61.8,
            64.76599999999999,
            67.9,
            70.6,
            73.2,
            76.2,
            78.8,
            81.4,
            84.1,
            86.8,
            89.34300000000003,
            92,
            94.64900000000007,
            97.1,
            99.55499999999992,
            102.3,
            104.6,
            107.1,
            110,
            112.9,
            115.8,
            118.3,
            120.8,
            123.5,
            126.3,
            129.1380000000001,
            132,
            134.9,
            137.9,
            140.64999999999998,
            143.7,
            146.6,
            149.8,
            153.6,
            156.8,
            159.86800000000002,
            163.4,
            167.474,
            171.2,
            175.1,
            179.3,
            183.4,
            188.2,
            192.3,
            197.14500000000007,
            201.7,
            206.6,
            212.1,
            217.25699999999998,
            223.2,
            229.4,
            235.916,
            242.2,
            249.8,
            256.9,
            264.5279999999999,
            273.58100000000013,
            282.3,
            290.9869999999999,
            301.64000000000016,
            313.49300000000005,
            324.2459999999999,
            337.1989999999998,
            353.6,
            370.80499999999995,
            388.6579999999998,
            410.6110000000001,
            437.19199999999984,
            465.55100000000056,
            499.2700000000001,
            538.5,
            581.4760000000002,
            646.2290000000002,
            718.9,
            822.8399999999995,
            971.8640000000003,
            1252.723,
            1843.613999999996,
            3320.733000000016
         ],
         "maxValue": 189225
      },
      "Log_ap90": {
         "averageValue": 369.6273807364402,
         "minValue": 0,