{
   "dims": {
      "imputed": {
         "averageValue": 1.5706530372621472,
         "minValue": 0,
         "percentiles": [
            0,
            0,
            0,
            0,
            0,
            1,
            1,
            1,
            1,
            1,
            1,
            1,
            1,
            1,
            1,
            1,
            1,
            1,
            1,
            1,
            1,
            1,
            1,
            1,
            1,
            1,
            1,
            1,
            1,
            1,
            1,
            1,
            1,
            1,
            1,
            1,
            1,
            1,
            1,
            1,
            1,
            1,
            1,
            1,
            1,
            1,
            1,
            1,
            1,
            1,
            1,
            1,
            1,
            1,
            1,
            1,
            2,
            2,
            2,
            2,
            2,
            2,
            2,
            2,
            2,
            2,
            2,
            2,
            2,
            2,
            2,
            2,
            2,
            2,
            2,
            2,
            2,
            2,
            2,
            2,
            2,
            2,
            2,
            2,
            3,
            3,
            3,
            3,
            3,
            3,
            3,
            3,
            3,
            3,
            3,
            3,
            4,
            4,
            4
         ],
         "maxValue": 4
      },
      "Log_soc": {
         "averageValue": 3.789036934075154,
         "minValue": 0,
         "percentiles": [
            0,
            0,
            0,
            0,
            0,
            0,
            0,
            0,
            0,
            0,
            0,
            0,
            0,
            0,
            0,
            0,
            0,
            0,
            0,
            0,
            0,
            0,
            0,
            0,
            0,
            0,
            0,
            0,
            0,
            0,
            0,
            0,
            0,
            0,
            0,
            0,
            0,
            0,
            0,
            0,
            0,
            0,
            0,
            0,
            0,
            0,
            0,
            0,
            0,
            0,
            0,
            0,
            0,
            0,
            0,
            0,
            0,
            0,
            0,
            0,
            0,
            0,
            0,
            0,
            0,
            0,
            0,
            0,
            0,
            0,
            0,
            0,
            0,
            0,
            0,
            0,
            0,
            0,
            0,
            0,
            0,
            0,
            0,
            0,
            0,
            0,
            0,
            0,
            0,
            0,
            0.2,
            0.4,
            1,
            2.4,
            6,
            12,
            21.5,
            41.2,
            98
         ],
         "maxValue": 3245
      },
      "Log_inc": {
         "averageValue": 0.06932468833096994,
         "minValue": 0,
         "percentiles": [
            0,
            0,
            0,
            0,
            0,
            0,
            0,
            0,
            0,
            0,
            0,
            0,
            0,
            0,
            0,
            0,
            0,
            0,
            0,
            0,
            0,
            0,
            0,
            0,
            0,
            0,
            0,
            0,
            0,
            0,
            0,
            0,
            0,
            0,
            0,
            0,
            0,
            0,
            0,
            0,
            0,
            0,
            0,
            0,
            0,
            0,
            0,
            0,
            0,
            0,
            0,
            0,
            0,
            0,
            0,
            0,
            0,
            0,
            0,
            0,
            0,
            0,
            0,
            0,
            0,
            0,
            0,
            0,
            0,
            0,
            0,
            0,
            0,
            0,
            0,
            0,
            0,
            0,
            0,
            0,
            0,
            0,
            0,
            0,
            0,
            0,
            0,
            0,
            0,
            0,
            0,
            0,
            0.1,
            0.1,
            0.2,
            0.3,
            0.5,
            1,
            1.1
         ],
         "maxValue": 237
      },
      "Log_av45": {
         "averageValue": 6.51665823462274,
         "minValue": 0,
         "percentiles": [
            0,
            0,
            0,
            0.1,
            0.1,
            0.1,
            0.2,
            0.2,
            0.2,
            0.2,
            0.2,
            0.3,
            0.3,
            0.3,
            0.3,
            0.3,
            0.4,
            0.4,
            0.4,
            0.4,
            0.4,
            0.5,
            0.5,
            0.5,
            0.5,
            0.5,
            0.6,
            0.6,
            0.6,
            0.6,
            0.7,
            0.7,
            0.7,
            0.7,
            0.8,
            0.8,
            0.8,
            0.8,
            0.9,
            0.9,
            0.9,
            1,
            1,
            1,
            1.1,
            1.1,
            1.1,
            1.2,
            1.2,
            1.3,
            1.3,
            1.3,
            1.4,
            1.4,
            1.5,
            1.5,
            1.6,
            1.6,
            1.7,
            1.8,
            1.8,
            1.9,
            2,
            2,
            2.1,
            2.2,
            2.3,
            2.4,
            2.5,
            2.6,
            2.7,
            2.8,
            2.9,
            3,
            3.2,
            3.3,
            3.5,
            3.7,
            3.9,
            4.1,
            4.4,
            4.7,
            5,
            5.3,
            5.8,
            6.2,
            6.8,
            7.5,
            8.3,
            9.3,
            10.6,
            12.1,
            14.2,
            17,
            20.7,
            26,
            34.8,
            51.2,
            95
         ],
         "maxValue": 4435
      },
      "Log_ap90": {
         "averageValue": 7.037178402450966,
         "minValue": 0,