{
   "dims": {
      "2018": {
         "averageValue": 694803.1730769231,
         "minValue": 0,
         "percentiles": [
            31.960000000000008,
            265.08000000000004,
            495.44,
            795.2800000000001,
            1011.4000000000001,
            1727.9,
            1996.5300000000002,
            3380.44,
            4293.67,
            4924.1,
            5911.91,
            7544.88,
            8507.51,
            10212.6,
            11190.05,
            12912.600000000002,
            14771.520000000004,
            16154.97999999999,
            20293.690000000017,
            23912.000000000007,
            25788.1,
            28683.3,
            32197.099999999995,
            39744.32,
            42702.5,
            48404.48,
            52131.21000000001,
            62436.76000000002,
            66537.85999999999,
            70334.79999999999,
            80622.48,
            86523.92,
            93902.51000000001,
            99233.74,
            108244.45,
            114959.23999999996,
            125035.44999999998,
            135331.12,
            153162.90000000002,
            161387.40000000029,
            173990.93999999994,
            184125.57999999996,
            194545.44999999998,
            201023.87999999998,
            224182.55,
            234312.12,
            242819.05,
            257977.16,
            280435.56,
            295608.5,
            312609.87,
            319509.12,
            337881.48,
            358554.22000000003,
            384186.45,
            412363.04,
            421730.35,
            437493.89999999997,
            457532.1999999999,
            477059.8,
            494427.4399999998,
            522095.4799999999,
            558827.5200000003,
            580751.6,
            608480.3500000001,
            630234.38,
            642790.46,
            656711.9600000003,
            684230.51,
            712108.5999999995,
            733724.35,
            748311.24,
            784510.08,
            804678.2599999998,
            854937.25,
            886447.8000000004,
            931924.98,
            968084.12,
            984167.39,
            1012882.2000000005,
            1056835.7900000003,
            1105641.7799999998,
            1150424.3,
            1210675.4399999997,
            1275765.25,
            1389559.9199999997,
            1487496.7200000002,
            1543736.4399999997,
            1628699.35,
            1715370.2,
            1837154.8600000003,
            2087911.1199999996,
            2302203.9700000025,
            2506699.859999999,
            2826296.799999997,
            3122544.679999999,
            3534956.8699999945,
            4411492.819999998,
            6195121.439999962
         ],
         "maxValue": 1.0167338E7
      },
      "2006": {
         "averageValue": 672846.8621151272,
         "minValue": 2,
         "percentiles": [
            150.16000000000005,
            395.80000000000007,
            641.3199999999999,
            952.44,
            1796.6,
            2239.56,
            3029.2400000000002,
            4173.64,
            5030.559999999999,
            5971.4,
            7593.280000000001,
            9412.52,
            10555.240000000002,
            11352.600000000002,
            12895.4,
            13889.960000000001,
            15928.160000000003,
            18067.239999999998,
            21264.120000000003,
            24664,
            27321.679999999997,
            30360.16,
            35220.840000000004,
            37544.719999999994,
            41953,
            47560.32000000001,
            54190.08,
            58471.20000000002,
            61299.479999999996,
            66731.8,
            73947.83999999998,
            81164.96000000004,
            87998.52,
            94402.32,
            99254.40000000001,
            104627.63999999994,
            120917.47999999997,
            125560.88000000002,
            138484.44,
            149321.99999999994,
            161476.92,
            171722.0799999999,
            182640.52,
            193851.16,
            204836,
            223918.20000000016,
            234892.04,
            248539.19999999998,
            256003.87999999995,
            274902,
            287543.4,
            301856.32000000007,
            317581.56,
            347348.2400000001,
            354641.4,
            369751.56,
            402508.91999999987,
            421738.11999999994,
            431589.83999999997,
            458088.20000000007,
            486688.83999999997,
            499576.2,
            525739.9600000001,
            555677.4000000001,
            585563.2,
            601759.64,
            626111.96,
            647824.96,
            662608.96,
            685601,
            710986.04,
            741110.0799999998,
            774554.1199999999,
            792080.2,
            837985,
            876317.5200000001,
            923989.16,
            942666.8800000001,
            987214.2800000004,
            1034936.4,
            1048850.16,
            1088894.8000000003,
            1126790.5199999998,
            1175329.7199999995,
            1270781.2,
            1328179.1999999983,
            1421300.7999999998,
            1501290.16,
            1598253.7600000005,
            1690429.8000000003,
            1803005.7200000004,
            2017178.7200000032,
            2236406.359999999,
            2503166.36,
            2736156.8000000007,
            3034226.879999999,
            3329213.5999999996,
            4612945.839999997,
            5864791.799999991
         ],
         "maxValue": 9632953
      },
      "2011": {
         "averageValue": 684495.3033419023,
         "minValue": 2,