{
   "dims": {
      "imputed": {
         "averageValue": 14.910459737176076,
         "minValue": 0,
         "percentiles": [
            1,
            1,
            1,
            1,
            1,
            2,
            2,
            2,
            2,
            3,
            3,
            3,
            3,
            4,
            4,
            4,
            4,
            5,
            5,
            5,
            5,
            5,
            6,
            6,
            6,
            6,
            7,
            7,
            7,
            7,
            8,
            8,
            8,
            8,
            9,
            9,
            9,
            9,
            10,
            10,
            10,
            10,
            11,
            11,
            11,
            12,
            12,
            12,
            12,
            13,
            13,
            13,
            13,
            14,
            14,
            14,
            15,
            15,
            15,
            16,
            16,
            16,
            17,
            17,
            17,
            18,
            18,
            18,
            19,
            19,
            20,
            20,
            20,
            21,
            21,
            22,
            22,
            23,
            23,
            24,
            24,
            25,
            25,
            26,
            27,
            27,
            28,
            29,
            30,
            30,
            31,
            32,
            34,
            35,
            36,
            38,
            40,
            43,
            48
         ],
         "maxValue": 89
      },
      "Log_soc": {
         "averageValue": 35.23594792647462,
         "minValue": 0,
         "percentiles": [
            0,
            0,
            0,
            0,
            0,
            0,
            0,
            0,
            0,
            0,
            0,
            0,
            0,
            0,
            0,
            0,
            0,
            0,
            0,
            0,
            0,
            0,
            0,
            0,
            0,
            0,
            0,
            0,
            0,
            0,
            0,
            0,
            0,
            0,
            0,
            0,
            0,
            0,
            0,
            0,
            0,
            0,
            0,
            0,
            0,
            0,
            0,
            0,
            0,
            0,
            0,
            0,
            0,
            0,
            0,
            0,
            0,
            0,
            0,
            0,
            0,
            0,
            0,
            0,
            0,
            0,
            0,
            0,
            0,
            0,
            0,
            0,
            0,
            0,
            0,
            0,
            0,
            0,
            0.8,
            1,
            2,
            3,
            4,
            5,
            7,
            8.8,
            11,
            13,
            16,
            20,
            25,
            31.1,
            40.9,
            54,
            74,
            110.05599999999977,
            179,
            336,
            841.5679999999993
         ],
         "maxValue": 19993
      },
      "Log_inc": {
         "averageValue": 0.5774036926351928,
         "minValue": 0,
         "percentiles": [
            0,
            0,
            0,
            0,
            0,
            0,
            0,
            0,
            0,
            0,
            0,
            0,
            0,
            0,
            0,
            0,
            0,
            0,
            0,
            0,
            0,
            0,
            0,
            0,
            0,
            0,
            0,
            0,
            0,
            0,
            0,
            0,
            0,
            0,
            0,
            0,
            0,
            0,
            0,
            0,
            0,
            0,
            0,
            0,
            0,
            0,
            0,
            0,
            0,
            0,
            0,
            0,
            0,
            0,
            0,
            0,
            0,
            0,
            0,
            0,
            0,
            0,
            0,
            0,
            0,
            0,
            0,
            0,
            0,
            0,
            0,
            0,
            0,
            0,
            0,
            0,
            0,
            0,
            0,
            0,
            0,
            0,
            0.1,
            0.7,
            0.9,
            1,
            1,
            1,
            1,
            1,
            1.1,
            1.2,
            1.9,
            2,
            2.1,
            3,
            3.9,
            5.1,
            10
         ],
         "maxValue": 455
      },
      "Log_av45": {
         "averageValue": 62.188349776887165,
         "minValue": 0,
         "percentiles": [
            0.1,
            0.3,
            0.4,
            0.6,
            0.7,
            0.9,
            1.1,
            1.3,
            1.6,
            1.8,
            2.1,
            2.4,
            2.7,
            3,
            3.3,
            3.7,
            4,
            4.3,
            4.8,
            5,
            5.5,
            5.9,
            6.1,
            6.7,
            7,
            7.5,
            7.9,
            8.1,
            8.8,
            9,
            9.4,
            9.9,
            10.1,
            10.8,
            11,
            11.5,
            12,
            12.2,
            12.9,
            13.1,
            13.8,
            14,
            14.5,
            15,
            15.3,
            15.9,
            16.2,
            16.9,
            17.3,
            18,
            18.4,
            19,
            19.7,
            20.1,
            20.8,
            21.2,
            22,
            22.8,
            23.3,
            24.1,
            24.9,
            25.8,
            26.3,
            27.1,
            28,
            29,
            30,
            31,
            32,
            33,
            34.2,
            35.7,
            36.9,
            38.2,
            39.9,
            41.3,
            43.1,
            45,
            47,
            49.1,
            51.3,
            54,
            57,
            60,
            63.259999999999124,
            67.5,
            72,
            77,
            82.7,
            89.1,
            97.7,
            108,
            120.9,
            137.9,
            161.37999999999883,
            196.7,
            252.6679999999993,
            369.3839999999997,
            701.9639999999999
         ],
         "maxValue": 58856
      },
      "Log_ap90": {
         "averageValue": 65.1627322225386,
         "minValue": 0,