{
   "dims": {"clc": {
      "averageValue": 19.61782178217822,
      "minValue": 12,
      "percentiles": [
         12,
         12,
         12,
         12,
         12,
         12,
         12,
         12,
         12,
         12,
         12,
         12,
         12,
         12,
         12,
         12,
         12,
         12,
         12,
         12,
         12,
         12,
         12,
         12,
         12,
         12,
         12,
         12,
         12,
         12,
         12,
         12,
         12,
         12,
         12,
         12,
         12,
         12,
         13.680000000000007,
         18,
         18,
         18,
         18,
         18,
         18,
         18,
         20,
         21,
         22,
         23,
         23,
         23,
         23,
         23,
         23,
         23,
         23,
         23,
         23,
         23,
         23,
         23,
         24,
         24,
         24,
         24,
         24,
         24,
         24,
         24,
         24,
         24,
         24,
         24,
         24,
         24,
         24,
         24,
         24,
         24,
         24,
         24,
         25,
         25,
         26,
         26,
         26.21999999999997,
         27,
         27.340000000000032,
         29,
         29,
         29,
         29,
         31,
         32,
         32,
         32,
         34,
         36
      ],
      "maxValue": 41
   }},
   "crs": "3035",
   "tileSizeCell": 128,
   "originPoint": {
      "x": 0,
      "y": 0
   },
   "resolutionGeo": 100000,
   "tilingBounds": {
      "yMin": 0,
      "yMax": 0,
      "xMax": 0,
      "xMin": 0
   }
}