{"minValue":1,"percentiles":[2,3,4,6,7,10,12,15,18,22,26,30,35,40,45,51,58,65,72,80,88,97,106,116,127,138,149,162,175,188,203,217,233,249,266,283,302,320,341,361,382,403,425,448,473,497,523,548,576,604,634,663,695,730,765,800,835,874,914,955,999,1046,1093,1142,1192,1247,1306,1366,1428,1498,1572,1657,1744,1835,1930,2035,2149,2275,2409,2560,2723,2917,3129,3361,3635,3939,4291,4690,5137,5703,6416.580000000016,7306.960000000021,8407,9878,11918.100000000006,14775.479999999981,19223.719999999972,27039.87999999989,45723.33999999997],"crs":"3035","maxValue":737304,"tileSizeCell":256,"resolutionGeo":5000,"tilingBounds":{"minY":0,"minX":0,"maxY":4,"maxX":5}}