{
   "dims": {
      "du": {
         "averageValue": 11.354728446638815,
         "minValue": 0,
         "percentiles": [
            0,
            0,
            0,
            0,
            0,
            0,
            0,
            0,
            0,
            0,
            0,
            0,
            0,
            0,
            0,
            0,
            0,
            0,
            0,
            0,
            0,
            0,
            0,
            0,
            0,
            0,
            0,
            0,
            0,
            0,
            0,
            0,
            0,
            0,
            0,
            0,
            0,
            0,
            0,
            1,
            2,
            2,
            2,
            3,
            3,
            3,
            3,
            3,
            4,
            4,
            4,
            4,
            5,
            5,
            5,
            6,
            6,
            6,
            6,
            7,
            7,
            7,
            8,
            8,
            9,
            9,
            10,
            10,
            10,
            11,
            11,
            12,
            12,
            13,
            13,
            14,
            14,
            15,
            16,
            16,
            17,
            18,
            19,
            20,
            21,
            22.23999999999978,
            24,
            26,
            29,
            31,
            33,
            36,
            40,
            45,
            50,
            58,
            67.98000000000002,
            82.32000000000016,
            105.65999999999985
         ],
         "maxValue": 210
      },
      "r": {
         "averageValue": 31.922521838207366,
         "minValue": 0,
         "percentiles": [
            0,
            0,
            0,
            0,
            0,
            0,
            0,
            0,
            0,
            0,
            0,
            0,
            0,
            0,
            0,
            1,
            1,
            2,
            2,
            2,
            3,
            3,
            3,
            4,
            4,
            5,
            5,
            6,
            6,
            6,
            7,
            7,
            8,
            8,
            9,
            9,
            10,
            10,
            11,
            11,
            12,
            13,
            13,
            14,
            14,
            15,
            15,
            16,
            17,
            18,
            19,
            20,
            20,
            21,
            22,
            22,
            23,
            24,
            25,
            26,
            27,
            28,
            29,
            31,
            32,
            33,
            34,
            35,
            37,
            38,
            39,
            41,
            43,
            45,
            47,
            49,
            51,
            53,
            55,
            58,
            60,
            63,
            64,
            67,
            70,
            73,
            76,
            80,
            83.26000000000022,
            88,
            92,
            95.2800000000002,
            100,
            106,
            112,
            123,
            132,
            142,
            162.65999999999985
         ],
         "maxValue": 216
      },
      "NA": {
         "averageValue": 0.43904291682491453,
         "minValue": 0,
         "percentiles": [
            0,
            0,
            0,
            0,
            0,
            0,
            0,
            0,
            0,
            0,
            0,
            0,
            0,
            0,
            0,
            0,
            0,
            0,
            0,
            0,
            0,
            0,
            0,
            0,
            0,
            0,
            0,
            0,
            0,
            0,
            0,
            0,
            0,
            0,
            0,
            0,
            0,
            0,
            0,
            0,
            0,
            0,
            0,
            0,
            0,
            0,
            0,
            0,
            0,
            0,
            0,
            0,
            0,
            0,
            0,
            0,
            0,
            0,
            0,
            0,
            0,
            0,
            0,
            0,
            0,
            0,
            0,
            0,
            0,
            0,
            0,
            0,
            0,
            0,
            0,
            0,
            0,
            0,
            0,
            0,
            0,
            0,
            0,
            0,
            0,
            1,
            1,
            1,
            1,
            1,
            1,
            2,
            2,
            2,
            3,
            3.6399999999998727,
            4,
            6,
            8.659999999999854
         ],
         "maxValue": 18
      },
      "sdu": {
         "averageValue": 9.632358526395747,
         "minValue": 0,
         "percentiles": [
            0,
            0,
            0,
            0,
            0,
            0,
            0,
            0,
            0,
            0,
            0,
            0,
            0,
            0,
            0,
            0,
            0,
            0,
            0,
            0,
            0,
            0,
            0,
            0,
            0,
            0,
            0,
            0,
            0,
            0,
            0,
            0,
            0,
            0,
            0,
            0,
            0,
            0,
            0,
            0,
            0,
            0,
            0,
            0,
            0,
            0,
            0,
            1,
            2,
            3,
            4,
            4,
            4,
            5,
            5,
            5,
            5,
            6,
            6,
            6,
            7,
            7,
            7,
            8,
            8,
            9,
            9,
            10,
            10,
            10,
            11,
            11,
            12,
            13,
            13,
            14,
            14,
            15,
            16,
            17,
            17,
            18,
            19.2199999999998,
            20.559999999999945,
            21,
            22.23999999999978,
            24,
            26,
            28,
            29,
            31,
            33,
            35,
            38,
            42,
            45,
            50,
            58,
            73.31999999999971
         ],
         "maxValue": 180
      },
      "lr": {
         "averageValue": 211.5712115457653,
         "minValue": 0,