{
   "dims": {
      "avg_time_nearest_ep": {
         "averageValue": 9.833002403360243,
         "minValue": 0,
         "percentiles": [
            2.5,
            2.8,
            3,
            3.1,
            3.2,
            3.3,
            3.4,
            3.5,
            3.6,
            3.6,
            3.7,
            3.8,
            3.8,
            3.9,
            4,
            4,
            4.1,
            4.2,
            4.2,
            4.3,
            4.4,
            4.4,
            4.5,
            4.6,
            4.6,
            4.7,
            4.8,
            4.8,
            4.9,
            5,
            5,
            5.1,
            5.2,
            5.3,
            5.3,
            5.4,
            5.5,
            5.6,
            5.7,
            5.7,
            5.8,
            5.9,
            6,
            6.1,
            6.2,
            6.3,
            6.4,
            6.5,
            6.6,
            6.7,
            6.8,
            6.9,
            7,
            7.1,
            7.2,
            7.4,
            7.5,
            7.6,
            7.8,
            7.9,
            8.1,
            8.2,
            8.4,
            8.5,
            8.7,
            8.9,
            9.1,
            9.3,
            9.5,
            9.7,
            9.9,
            10.2,
            10.5,
            10.7,
            11,
            11.3,
            11.7,
            12,
            12.4,
            12.8,
            13.1,
            13.6,
            14.1,
            14.6,
            15.2,
            15.8,
            16.5,
            17.2,
            18.1,
            19.1,
            20.2,
            21.4,
            23,
            24.7,
            26.9,
            29.5,
            33.53399999999965,
            38.9,
            49.35599999999977
         ],
         "maxValue": 269.7
      },
      "avg_time_nearest_h": {
         "averageValue": 26.774541531823086,
         "minValue": 2,
         "percentiles": [
            7,
            7,
            8,
            8,
            8,
            9,
            9,
            9,
            10,
            10,
            10,
            10,
            11,
            11,
            11,
            11,
            12,
            12,
            12,
            12,
            13,
            13,
            13,
            13,
            14,
            14,
            14,
            14,
            15,
            15,
            15,
            15,
            16,
            16,
            16,
            17,
            17,
            17,
            17,
            18,
            18,
            18,
            19,
            19,
            19,
            19,
            20,
            20,
            20,
            21,
            21,
            21,
            22,
            22,
            23,
            23,
            23,
            24,
            24,
            25,
            25,
            25,
            26,
            26,
            27,
            27,
            28,
            28,
            29,
            30,
            30,
            31,
            31,
            32,
            33,
            34,
            34,
            35,
            36,
            37,
            38,
            39,
            40,
            41,
            42,
            44,
            45,
            47,
            48,
            50,
            53,
            55,
            58,
            61,
            66,
            71,
            78,
            88,
            108
         ],
         "maxValue": 293
      },
      "TOT_P": {
         "averageValue": 10552.122802235246,
         "minValue": 0,
         "percentiles": [
            0,
            0,
            3,
            5,
            9,
            15,
            21,
            28,
            37,
            48,
            60,
            74,
            89,
            106,
            127,
            148,
            171,
            196,
            223,
            252,
            286,
            322,
            358,
            398,
            438,
            480,
            527,
            575,
            626.3999999999996,
            683,
            740,
            801,
            864,
            924,
            994,
            1071,
            1153,
            1230,
            1310,
            1392,
            1480,
            1572,
            1659.7999999999993,
            1750.4000000000015,
            1846,
            1950,
            2058,
            2170,
            2288,
            2413,
            2535,
            2664,
            2786,
            2912.4000000000015,
            3060,
            3201.600000000002,
            3358,
            3530,
            3696,
            3872,
            4057,
            4239.200000000001,
            4446.799999999999,
            4640.4000000000015,
            4849,
            5069,
            5318,
            5574.800000000003,
            5856,
            6133,
            6450,
            6751.399999999994,
            7100,
            7449,
            7825,
            8254,
            8676,
            9150.800000000003,
            9695.400000000001,
            10283,
            10939.600000000006,
            11609,
            12415.199999999983,
            13303.200000000004,
            14298,
            15357.599999999999,
            16620,
            18039.000000000015,
            19695.40000000003,
            21744,
            24177.599999999984,
            27060.6000000001,
            30804.000000000044,
            35302.79999999987,
            41287,
            49806.59999999996,
            63465.199999999866,
            84738.59999999971,
            140856.00000000015
         ],
         "maxValue": 1405886
      }
   },
   "crs": "3035",
   "tileSizeCell": 128,
   "originPoint": {
      "x": 0,
      "y": 0
   },
   "resolutionGeo": 10000,
   "tilingBounds": {
      "yMin": 0,
      "yMax": 4,
      "xMax": 5,
      "xMin": 0
   }
}