{
   "dims": {"value": {
      "averageValue": 4536115.133711678,
      "minValue": 6,
      "percentiles": [
         4004,
         9806.960000000001,
         16077.56,
         23632.560000000005,
         31865.600000000002,
         40060.08,
         47865.72,
         56542,
         66263.16,
         75276,
         85526.40000000001,
         94882.32,
         104677.36000000002,
         115122.72,
         126502.79999999999,
         138029.12,
         149948.16,
         160509.59999999998,
         173077.44000000006,
         185647.80000000002,
         199125.36,
         211803.76,
         225745.88,
         238726.08000000002,
         252853,
         267147,
         281323.12,
         297438.72000000003,
         311639.76,
         330066.39999999997,
         349112.63999999996,
         368694,
         388693.19999999995,
         408511.4400000002,
         427511,
         447084.07999999996,
         470636.32,
         491977.68000000005,
         515073.24,
         539348.8,
         563598.3599999999,
         589919.72,
         615217.6799999999,
         641958.4,
         673044.6,
         703955.68,
         736675.7999999998,
         773213.76,
         806452.7999999999,
         844248,
         882240.2400000001,
         922389.1600000001,
         966934.8000000009,
         1010825.08,
         1059769.6,
         1106176.3200000003,
         1164254.04,
         1215413.4,
         1271923.3200000003,
         1324606.3999999997,
         1388587.04,
         1449049.3199999998,
         1520651.1600000001,
         1603036.6000000003,
         1695599.0000000007,
         1782060,
         1879430.6,
         1988655.12,
         2100098.64,
         2219196.4,
         2362844.88,
         2489796.5599999996,
         2653983.5199999996,
         2813002.8,
         3004902,
         3195391.3200000003,
         3407037.360000002,
         3639017.040000002,
         3915031.92,
         4175835.0000000014,
         4511988.960000002,
         4861451.999999998,
         5284303.12,
         5730317.320000001,
         6201254.799999993,
         6776397.719999998,
         7477720.319999998,
         8233379.840000002,
         9023497.680000005,
         1.00028874E7,
         1.1163739559999997E7,
         1.2584924040000001E7,
         1.4614608120000003E7,
         1.6978041199999917E7,
         1.9869558799999993E7,
         2.39313188E7,
         3.0054736679999802E7,
         3.9161302999999925E7,
         6.086993411999986E7
      ],
      "maxValue": 3.02808478E8
   }},
   "crs": "3035",
   "tileSizeCell": 128,
   "originPoint": {
      "x": 0,
      "y": 0
   },
   "resolutionGeo": 5000,
   "tilingBounds": {
      "yMin": 2,
      "yMax": 7,
      "xMax": 9,
      "xMin": 4
   }
}