{
   "dims": {"elevation": {
      "averageValue": 356.8908485856905,
      "minValue": 0,
      "percentiles": [
         0,
         0,
         0,
         0,
         0,
         0,
         0,
         0,
         0,
         0,
         0,
         0,
         0,
         0,
         1,
         2,
         4,
         5,
         6.139999999999986,
         8,
         11,
         14,
         17,
         20,
         24,
         29,
         32,
         37,
         44,
         52,
         58,
         65,
         70,
         77,
         83,
         88,
         93,
         100,
         104,
         109,
         113,
         118,
         123,
         128,
         132.70000000000005,
         137,
         144,
         148,
         155,
         160,
         168,
         175.12000000000012,
         183.18000000000006,
         191,
         200.30000000000018,
         211,
         221,
         231,
         239.53999999999996,
         251,
         259,
         271,
         284.78,
         296,
         311.9000000000001,
         328,
         337.0200000000002,
         353,
         373,
         389.59999999999945,
         412.25999999999976,
         428.6399999999994,
         452,
         470,
         495.5,
         520.56,
         548.2399999999998,
         575,
         601.7400000000002,
         635.6000000000004,
         665.8600000000001,
         700.9200000000001,
         732.96,
         767.0799999999999,
         805,
         849.4799999999996,
         895.8799999999992,
         931.2800000000002,
         980,
         1020,
         1072,
         1127,
         1187.58,
         1280.2799999999997,
         1436,
         1547,
         1665.2799999999988,
         1901.1600000000035,
         2067.3400000000006
      ],
      "maxValue": 2521
   }},
   "crs": "3035",
   "tileSizeCell": 128,
   "originPoint": {
      "x": 0,
      "y": 0
   },
   "resolutionGeo": 50000,
   "tilingBounds": {
      "yMin": 0,
      "yMax": 0,
      "xMax": 1,
      "xMin": 0
   }
}