{
   "dims": {"elevation": {
      "averageValue": 386.61074458058437,
      "minValue": 0,
      "percentiles": [
         0,
         0,
         0,
         0,
         0,
         1,
         1,
         3,
         4,
         5,
         7,
         8,
         10,
         13,
         15,
         18,
         21,
         24,
         29,
         32,
         36,
         40,
         46,
         52,
         58,
         63,
         69.68000000000006,
         75.5200000000001,
         80.3599999999999,
         84,
         88.03999999999996,
         94,
         100,
         104.56000000000017,
         109,
         113,
         118,
         123.92000000000007,
         129,
         133,
         137.43999999999983,
         143.27999999999997,
         148,
         155,
         159,
         166,
         171,
         178,
         184,
         195,
         203,
         213,
         223,
         233,
         242.20000000000005,
         252.0400000000002,
         262,
         274.7199999999998,
         284,
         294,
         308.24,
         323.0799999999999,
         331.9200000000001,
         342.76,
         354,
         375,
         396.2800000000002,
         415,
         429.96000000000004,
         448.7999999999997,
         464,
         490,
         507,
         529,
         554,
         577.8400000000001,
         603.6799999999998,
         641.0799999999999,
         664.3600000000001,
         697,
         719,
         751.8799999999997,
         781,
         816.56,
         850.2000000000003,
         888.7199999999993,
         922.3199999999997,
         965.8400000000001,
         1001.0400000000009,
         1043.7999999999997,
         1091,
         1141,
         1201.360000000001,
         1267.6400000000003,
         1416.7999999999984,
         1530.9199999999996,
         1676.48,
         1883.2400000000052,
         2079.119999999999
      ],
      "maxValue": 2521
   }},
   "crs": "3035",
   "tileSizeCell": 128,
   "originPoint": {
      "x": 0,
      "y": 0
   },
   "resolutionGeo": 50000,
   "tilingBounds": {
      "yMin": 0,
      "yMax": 0,
      "xMax": 1,
      "xMin": 0
   }
}