{
   "dims": {"elevation": {
      "averageValue": 480.5434426229508,
      "minValue": -6,
      "percentiles": [
         2,
         6,
         11,
         17,
         22,
         29,
         34.870000000000005,
         41,
         45,
         50,
         56,
         60,
         65,
         70,
         74,
         77.56,
         82,
         87,
         91,
         95,
         98,
         102,
         105.43000000000006,
         112,
         116,
         120,
         122.07000000000005,
         128,
         132.89,
         137,
         141,
         147,
         150.5300000000001,
         155,
         160.3499999999999,
         167,
         176,
         182,
         188.99,
         196,
         202.80999999999995,
         208,
         217,
         226,
         234,
         243.86000000000013,
         249.26999999999998,
         258.68000000000006,
         271,
         280,
         295,
         308,
         319,
         328.1400000000001,
         337,
         348,
         356.3699999999999,
         370.78,
         387.1899999999998,
         403.5999999999999,
         419,
         441.4200000000001,
         456,
         469,
         485.6500000000001,
         501,
         519.94,
         537.8800000000001,
         564.29,
         585.6999999999998,
         600.1099999999999,
         625,
         641.9300000000001,
         662,
         688,
         727.3200000000002,
         757,
         785,
         816,
         845.8000000000002,
         871.21,
         891.8599999999997,
         926.03,
         957,
         982.5499999999997,
         1023.5199999999995,
         1059,
         1090.2399999999998,
         1141.4900000000002,
         1196.800000000001,
         1237.62,
         1300.4400000000005,
         1379.13,
         1458.1599999999999,
         1567.7999999999993,
         1660.7200000000003,
         1815.7199999999993,
         2007.8999999999992,
         2302.0800000000017
      ],
      "maxValue": 3394
   }},
   "crs": "3035",
   "tileSizeCell": 128,
   "originPoint": {
      "x": 0,
      "y": 0
   },
   "resolutionGeo": 50000,
   "tilingBounds": {
      "yMin": 0,
      "yMax": 0,
      "xMax": 1,
      "xMin": 0
   }
}