{
   "dims": {"elevation": {
      "averageValue": 409.2387761888926,
      "minValue": -1,
      "percentiles": [
         1,
         2,
         3,
         5,
         6,
         7,
         8,
         10,
         13,
         15,
         17.879999999999995,
         20,
         23.04000000000002,
         29,
         31.19999999999999,
         34,
         38.360000000000014,
         43,
         49,
         55,
         60,
         65.75999999999999,
         70.84000000000003,
         76,
         81,
         85,
         89,
         94,
         100,
         104,
         108,
         112,
         116,
         122,
         126.79999999999995,
         131,
         135.96000000000004,
         141,
         145,
         150,
         156,
         160,
         167,
         171,
         178.60000000000014,
         184,
         194.76,
         202,
         212,
         221,
         230,
         238.16000000000008,
         249,
         257,
         269,
         277.48000000000025,
         286,
         296.6399999999999,
         312,
         325.79999999999995,
         333,
         343.96000000000004,
         355.03999999999996,
         375,
         394,
         413,
         427.3600000000001,
         442.8800000000001,
         460.52,
         479.7999999999997,
         501.67999999999984,
         519.7599999999998,
         545,
         565,
         591,
         611.2399999999998,
         650.1599999999999,
         668,
         699,
         723.8000000000002,
         754,
         781,
         813,
         837.1599999999994,
         884,
         913.8800000000001,
         953,
         983,
         1027,
         1072,
         1122.5600000000004,
         1166.7200000000003,
         1231.88,
         1304.08,
         1447,
         1550,
         1715.079999999998,
         1913.0400000000009,
         2094.2000000000007
      ],
      "maxValue": 2521
   }},
   "crs": "3035",
   "tileSizeCell": 128,
   "originPoint": {
      "x": 0,
      "y": 0
   },
   "resolutionGeo": 50000,
   "tilingBounds": {
      "yMin": 0,
      "yMax": 0,
      "xMax": 1,
      "xMin": 0
   }
}