{
   "dims": {"elevation": {
      "averageValue": 348.69119949890387,
      "minValue": -1,
      "percentiles": [
         0,
         0,
         0,
         0,
         0,
         0,
         0,
         0,
         0,
         0,
         0,
         0,
         0,
         1,
         1,
         3,
         5,
         6,
         7,
         9,
         12,
         14,
         17,
         20,
         23,
         29,
         33,
         37.32000000000005,
         43,
         50,
         55,
         62,
         68,
         74,
         79.89999999999986,
         84,
         90,
         98,
         103,
         107,
         111.53999999999996,
         117,
         123,
         128,
         133,
         137,
         144,
         150,
         156,
         161,
         168.94000000000005,
         174.8800000000001,
         183.82000000000016,
         192,
         202,
         213,
         223,
         234,
         245.4599999999998,
         255,
         266,
         277,
         286,
         297.1600000000001,
         314,
         327.03999999999996,
         335,
         349.9200000000001,
         368.71999999999935,
         383.7999999999997,
         411,
         425,
         441.6199999999999,
         463.55999999999995,
         490,
         508.44000000000005,
         537,
         557.2800000000007,
         583.2600000000002,
         608.2000000000003,
         657.1400000000003,
         676,
         705.02,
         734,
         775,
         815.5200000000004,
         860.3400000000006,
         899.7199999999998,
         936.9799999999996,
         982.5999999999999,
         1040.08,
         1088.4,
         1156.6800000000003,
         1244.3599999999997,
         1356.9999999999973,
         1480.3999999999978,
         1640.5399999999995,
         1854.9599999999991,
         2043.2399999999998
      ],
      "maxValue": 2501
   }},
   "crs": "3035",
   "tileSizeCell": 128,
   "originPoint": {
      "x": 0,
      "y": 0
   },
   "resolutionGeo": 50000,
   "tilingBounds": {
      "yMin": 0,
      "yMax": 0,
      "xMax": 1,
      "xMin": 0
   }
}