{
   "dims": {"elevation": {
      "averageValue": 366.9580725907384,
      "minValue": -1,
      "percentiles": [
         0,
         0,
         0,
         0,
         0,
         0,
         0,
         0,
         1,
         1,
         2,
         4,
         5,
         6,
         8,
         10,
         12,
         15,
         17,
         20,
         24,
         29,
         32,
         36,
         40.25,
         46,
         52.190000000000055,
         59,
         65,
         70.09999999999991,
         76,
         82,
         85.00999999999999,
         90,
         98,
         103,
         107,
         111,
         116,
         121,
         126.76999999999998,
         131,
         137,
         142,
         147,
         154,
         159,
         165,
         171,
         178,
         184,
         195,
         204.41000000000008,
         213,
         224,
         235,
         246,
         255,
         266,
         277,
         286.16999999999985,
         299.1399999999999,
         315.1100000000001,
         328,
         337,
         350.02,
         369.99000000000024,
         385,
         411,
         425,
         444.8699999999999,
         462,
         486.80999999999995,
         505.77999999999975,
         524,
         552.4400000000005,
         575.69,
         602.6600000000003,
         641.5200000000004,
         664.6000000000004,
         697,
         717.1599999999999,
         751.5099999999998,
         781,
         816.4499999999998,
         856.8400000000001,
         894.3899999999999,
         930,
         969.3299999999999,
         1012,
         1056.27,
         1108.2400000000002,
         1162.21,
         1234.6199999999985,
         1331.2999999999993,
         1468.8399999999992,
         1610.0899999999997,
         1814.1799999999998,
         2043.119999999999
      ],
      "maxValue": 2521
   }},
   "crs": "3035",
   "tileSizeCell": 128,
   "originPoint": {
      "x": 0,
      "y": 0
   },
   "resolutionGeo": 50000,
   "tilingBounds": {
      "yMin": 0,
      "yMax": 0,
      "xMax": 1,
      "xMin": 0
   }
}