{
   "dims": {"value": {
      "averageValue": 9874901.44450255,
      "minValue": 12,
      "percentiles": [
         5813.64,
         13910.920000000002,
         23416.109999999997,
         34780.32,
         47392.65,
         58579.29999999999,
         71067.57,
         85535.88,
         100482.47999999998,
         116594.1,
         131931.27000000002,
         149221.19999999998,
         166644.21000000002,
         185566.84000000003,
         206583.3,
         226309.68000000005,
         244667.19000000003,
         266001.8599999999,
         286220.37,
         307437.20000000007,
         329526.08999999997,
         352799.48000000004,
         379982.4,
         410238,
         437570.25,
         463519.32,
         489106.29000000015,
         520929.08,
         550996.92,
         581342.8999999999,
         613330.2599999998,
         642085.2000000001,
         682164.71,
         723201.8400000002,
         760202.7,
         801816.9599999997,
         838331.8200000001,
         886791.6599999999,
         930185.0100000001,
         973895.8000000002,
         1024191.5399999998,
         1074209.7,
         1123397.0399999998,
         1173192.9600000002,
         1224086.7000000002,
         1275787.02,
         1335419.6399999997,
         1399926.88,
         1458118.95,
         1518907.5,
         1576806.2099999997,
         1654566.840000001,
         1735625.21,
         1811455.8,
         1902262.800000001,
         1993644.3600000006,
         2113394.25,
         2195992.02,
         2296024.3,
         2400331.8,
         2504628.9,
         2631083.6999999997,
         2749016.19,
         2891022.8400000003,
         3051537.5,
         3202561.1,
         3396339.52,
         3614901.480000001,
         3814700.88,
         4044878.0999999996,
         4238774.249999998,
         4480701.719999998,
         4740188.04,
         5057656.92,
         5440628.25,
         5813936.04,
         6196466.9799999995,
         6672877.860000009,
         7125743.160000003,
         7710468.000000006,
         8289038.940000002,
         9059248.679999996,
         9751166.21,
         1.0630408559999999E7,
         1.1603778799999999E7,
         1.2603834119999994E7,
         1.395753463999999E7,
         1.5762467960000014E7,
         1.7365087520000003E7,
         1.9269156000000004E7,
         2.1850739490000002E7,
         2.494715828E7,
         2.899648542000007E7,
         3.384635503999998E7,
         4.0572146649999894E7,
         5.024968751999998E7,
         6.563453330999996E7,
         9.038236008000025E7,
         1.482975353800001E8
      ],
      "maxValue": 1.090630462E9
   }},
   "crs": "3035",
   "tileSizeCell": 128,
   "originPoint": {
      "x": 0,
      "y": 0
   },
   "resolutionGeo": 10000,
   "tilingBounds": {
      "yMin": 1,
      "yMax": 3,
      "xMax": 4,
      "xMin": 2
   }
}