{
   "dims": {
      "pp": {
         "averageValue": 4783554.806764906,
         "minValue": 0,
         "percentiles": [
            22470,
            63972.479999999996,
            115588,
            189966.19999999998,
            254946,
            308034,
            375421.26,
            425277.48,
            476844.07999999996,
            544379.6,
            623015,
            722293.24,
            816897,
            895303.8000000003,
            999500.6,
            1085848.2799999998,
            1168692,
            1262937.4399999997,
            1356074.56,
            1442646.0000000002,
            1518922.78,
            1592836.8800000001,
            1672264.2600000002,
            1747976.6,
            1823735,
            1893353.56,
            1956746.2000000002,
            2018272.4800000002,
            2074508.3199999998,
            2134542,
            2195174.76,
            2267093.1999999993,
            2352048.560000001,
            2429523.880000001,
            2499288.3999999994,
            2568120.28,
            2638514.2199999997,
            2710643,
            2779695,
            2846984.8000000003,
            2913768.039999999,
            2980468.6399999997,
            3046050.54,
            3109011.4000000004,
            3172837.4,
            3240734.6,
            3305998,
            3371013.64,
            3438371.04,
            3513317,
            3587043.3,
            3665301.8,
            3739845.8000000007,
            3817402.6000000006,
            3900677.6,
            3996461.6000000006,
            4087013.7199999997,
            4177088.3599999994,
            4276268,
            4386719.6,
            4499907.9799999995,
            4619630.76,
            4741767.600000001,
            4871665.08,
            5000080.9,
            5141645.480000001,
            5287497.2,
            5424729.680000003,
            5558229.56,
            5678910.6,
            5811710.180000001,
            5954375.799999999,
            6085109.84,
            6211878.879999997,
            6353201,
            6494687,
            6641925.24,
            6792930.520000003,
            6947141,
            7104695.8,
            7265667.86,
            7427840.279999999,
            7605821.9,
            7793686.959999998,
            8067159.5,
            8469676.56,
            8916844.6,
            9391828.360000001,
            9840338.439999996,
            1.03299326E7,
            1.1028839160000008E7,
            1.1903272040000003E7,
            1.2845979860000001E7,
            1.3652443439999996E7,
            1.4416745499999998E7,
            1.527483724E7,
            1.6864974519999992E7,
            1.9256738520000003E7,
            2.1348529419999965E7
         ],
         "maxValue": 2.9117454E7
      },
      "rp": {
         "averageValue": 59.63456674669686,
         "minValue": 0,
         "percentiles": [
            2,
            7,
            10,
            13,
            15,
            17,
            19,
            21,
            23,
            24,
            26,
            27,
            28,
            30,
            31,
            32,
            33,
            34,
            35,
            36,
            37,
            38,
            39,
            40,
            41,
            42,
            43,
            44,
            45,
            45,
            46,
            47,
            48,
            49,
            50,
            51,
            51,
            52,
            53,
            54,
            55,
            55,
            56,
            57,
            58,
            58,
            59,
            60,
            61,
            61,
            62,
            63,
            63,
            64,
            65,
            66,
            66,
            67,
            68,
            68,
            69,
            70,
            70,
            71,
            72,
            73,
            73,
            74,
            75,
            75,
            76,
            77,
            77,
            78,
            79,
            80,
            80,
            81,
            82,
            83,
            84,
            84,
            85,
            86,
            87,
            88,
            89,
            90,
            91,
            92,
            93,
            94,
            95,
            96,
            97,
            99,
            101,
            104,
            110
         ],
         "maxValue": 297
      },
      "ra": {
         "averageValue": 3327826.6059120707,
         "minValue": 0,
         "percentiles": [
            801,
            9667.46,
            20242.569999999996,
            35700,
            66722.85,
            100902.31999999996,
            134347.41000000024,
            166391,
            195400,
            219584.2,
            248251.03,
            276195.76,
            299814,
            328796.1000000001,
            361948.79999999993,
            400249,
            437946,
            475807.14,
            514872,
            553019,
            591106.6599999999,
            629812.2,
            668371.79,
            706095.5599999999,
            745441,
            785200.98,
            816563.1300000001,
            855272.2000000002,
            895413.51,
            937560.8,
            982294.2700000001,
            1025833.9599999998,
            1069072.1800000002,
            1111418.46,
            1154564.2,
            1197880.8799999994,
            1241205.03,
            1286504.92,
            1333343.4100000001,
            1381781.2000000002,
            1428709.51,
            1475716.2999999998,
            1523815.3900000001,
            1573215.96,
            1624288.1,
            1677634,
            1731293.55,
            1785866.2,
            1842841.7000000002,
            1898240.5,
            1957850.46,
            2021582,
            2086451.83,
            2150257.42,
            2213808.6500000004,
            2279529.200000001,
            2345144.05,
            2412716.02,
            2482394,
            2553659.8,
            2629798.65,
            2708146.2800000003,
            2789792.9,
            2876825.679999999,
            2964946.8000000017,
            3061997.260000003,
            3159975.91,
            3260706.48,
            3366611.59,
            3475959.5,
            3591472,
            3714652,
            3845714.8000000007,
            3971196.7400000007,
            4100480.75,
            4251493.799999999,
            4414073.619999999,
            4592542.320000002,
            4786731.0200000005,
            4994124.800000001,
            5208885.12,
            5434790.72,
            5655965.31,
            5882110.839999998,
            6124082.499999999,
            6410006,
            6729549.55,
            7071373.879999999,
            7457457.979999997,
            7887461.4,
            8464421.930000003,
            9319677,
            1.048592701E7,
            1.172149382E7,
            1.281965315E7,
            1.3931759999999993E7,
            1.5310848439999992E7,
            1.7670479680000015E7,
            2.069594798000003E7
         ],
         "maxValue": 3.1284811E7
      }
   },
   "crs": "3035",
   "tileSizeCell": 128,
   "originPoint": {
      "x": 0,
      "y": 0
   },
   "resolutionGeo": 2000,
   "tilingBounds": {
      "yMin": 3,
      "yMax": 21,
      "xMax": 25,
      "xMin": 3
   }
}