{
   "dims": {
      "avg_time_nearest_ep": {
         "averageValue": 13.822681883024245,
         "minValue": 1.3,
         "percentiles": [
            3.2,
            3.4,
            3.7,
            3.9,
            3.9,
            4,
            4.1,
            4.1,
            4.2,
            4.3,
            4.322,
            4.4239999999999995,
            4.5,
            4.6,
            4.7,
            4.8,
            4.8,
            4.836,
            4.938,
            5,
            5.1,
            5.2,
            5.4,
            5.5,
            5.5,
            5.6,
            5.7,
            5.8,
            5.9,
            6.06,
            6.1,
            6.3,
            6.4,
            6.5,
            6.6,
            6.8,
            6.874000000000001,
            6.9,
            7,
            7,
            7.2,
            7.3,
            7.3,
            7.4,
            7.5,
            7.5,
            7.6,
            7.8,
            7.8,
            7.9,
            8,
            8.1,
            8.1,
            8.3,
            8.4,
            8.5,
            8.6,
            8.8,
            8.9,
            9,
            9.1,
            9.2,
            9.4,
            9.5,
            9.7,
            9.8,
            9.9,
            10,
            10.3,
            10.539999999999997,
            10.7,
            10.844000000000001,
            10.946000000000003,
            11.148000000000001,
            11.4,
            11.651999999999997,
            11.8,
            12,
            12.6,
            12.7,
            12.9,
            13.1,
            13.865999999999998,
            14.503999999999985,
            15,
            16.4,
            16.848,
            17.851999999999997,
            18.811999999999987,
            20.24000000000002,
            22.02800000000002,
            24.284000000000002,
            27.960000000000015,
            32.19199999999999,
            36.22999999999996,
            55.579999999999735,
            75.41999999999982,
            104.1960000000002,
            157.88000000000002
         ],
         "maxValue": 285.6
      },
      "avg_time_nearest_h": {
         "averageValue": 28.124416796267496,
         "minValue": 7,
         "percentiles": [
            10,
            11,
            11,
            11,
            12,
            12,
            12,
            12,
            13,
            13,
            13,
            13,
            14,
            14,
            14,
            14,
            14,
            15,
            15,
            15,
            15,
            16,
            16,
            16,
            16,
            16,
            17,
            17,
            17,
            17,
            17,
            18,
            18,
            18,
            18,
            19,
            19,
            19,
            19,
            19,
            20,
            20,
            20,
            20,
            20,
            21,
            21,
            21,
            21,
            22,
            22,
            22,
            22,
            23,
            23,
            23,
            24,
            24,
            24,
            25,
            25,
            25,
            26,
            26,
            26,
            27,
            27,
            28,
            28,
            28.799999999999955,
            29,
            30,
            30,
            31,
            31,
            32,
            33,
            34,
            34.76000000000005,
            35,
            35.639999999999986,
            36.07999999999993,
            37,
            38,
            39,
            40,
            41,
            43.72000000000003,
            45,
            46.60000000000002,
            50,
            51.960000000000036,
            58.92000000000007,
            62,
            65,
            76.24000000000001,
            92.67999999999995,
            103.24000000000001,
            118.79999999999973
         ],
         "maxValue": 256
      },
      "TOT_P": {
         "averageValue": 694803.1730769231,
         "minValue": 0,
         "percentiles": [
            31.960000000000008,
            265.08000000000004,
            495.44,
            795.2800000000001,
            1011.4000000000001,
            1727.9,
            1996.5300000000002,
            3380.44,
            4293.67,
            4924.1,
            5911.91,
            7544.88,
            8507.51,
            10212.6,
            11190.05,
            12912.600000000002,
            14771.520000000004,
            16154.97999999999,
            20293.690000000017,
            23912.000000000007,
            25788.1,
            28683.3,
            32197.099999999995,
            39744.32,
            42702.5,
            48404.48,
            52131.21000000001,
            62436.76000000002,
            66537.85999999999,
            70334.79999999999,
            80622.48,
            86523.92,
            93902.51000000001,
            99233.74,
            108244.45,
            114959.23999999996,
            125035.44999999998,
            135331.12,
            153162.90000000002,
            161387.40000000029,
            173990.93999999994,
            184125.57999999996,
            194545.44999999998,
            201023.87999999998,
            224182.55,
            234312.12,
            242819.05,
            257977.16,
            280435.56,
            295608.5,
            312609.87,
            319509.12,
            337881.48,
            358554.22000000003,
            384186.45,
            412363.04,
            421730.35,
            437493.89999999997,
            457532.1999999999,
            477059.8,
            494427.4399999998,
            522095.4799999999,
            558827.5200000003,
            580751.6,
            608480.3500000001,
            630234.38,
            642790.46,
            656711.9600000003,
            684230.51,
            712108.5999999995,
            733724.35,
            748311.24,
            784510.08,
            804678.2599999998,
            854937.25,
            886447.8000000004,
            931924.98,
            968084.12,
            984167.39,
            1012882.2000000005,
            1056835.7900000003,
            1105641.7799999998,
            1150424.3,
            1210675.4399999997,
            1275765.25,
            1389559.9199999997,
            1487496.7200000002,
            1543736.4399999997,
            1628699.35,
            1715370.2,
            1837154.8600000003,
            2087911.1199999996,
            2302203.9700000025,
            2506699.859999999,
            2826296.799999997,
            3122544.679999999,
            3534956.8699999945,
            4411492.819999998,
            6195121.439999962
         ],
         "maxValue": 1.0167338E7
      }
   },
   "crs": "3035",
   "tileSizeCell": 128,
   "originPoint": {
      "x": 0,
      "y": 0
   },
   "resolutionGeo": 100000,
   "tilingBounds": {
      "yMin": 0,
      "yMax": 0,
      "xMax": 0,
      "xMin": 0
   }
}