{
   "dims": {"avg_time_nearest": {
      "averageValue": 28.124416796267496,
      "minValue": 7,
      "percentiles": [
         10,
         11,
         11,
         11,
         12,
         12,
         12,
         12,
         13,
         13,
         13,
         13,
         14,
         14,
         14,
         14,
         14,
         15,
         15,
         15,
         15,
         16,
         16,
         16,
         16,
         16,
         17,
         17,
         17,
         17,
         17,
         18,
         18,
         18,
         18,
         19,
         19,
         19,
         19,
         19,
         20,
         20,
         20,
         20,
         20,
         21,
         21,
         21,
         21,
         22,
         22,
         22,
         22,
         23,
         23,
         23,
         24,
         24,
         24,
         25,
         25,
         25,
         26,
         26,
         26,
         27,
         27,
         28,
         28,
         28.799999999999955,
         29,
         30,
         30,
         31,
         31,
         32,
         33,
         34,
         34.76000000000005,
         35,
         35.639999999999986,
         36.07999999999993,
         37,
         38,
         39,
         40,
         41,
         43.72000000000003,
         45,
         46.60000000000002,
         50,
         51.960000000000036,
         58.92000000000007,
         62,
         65,
         76.24000000000001,
         92.67999999999995,
         103.24000000000001,
         118.79999999999973
      ],
      "maxValue": 256
   }},
   "crs": "3035",
   "tileSizeCell": 128,
   "originPoint": {
      "x": 0,
      "y": 0
   },
   "resolutionGeo": 100000,
   "tilingBounds": {
      "yMin": 0,
      "yMax": 0,
      "xMax": 0,
      "xMin": 0
   }
}