{
   "dims": {"tcd": {
      "averageValue": 31.5,
      "minValue": 22,
      "percentiles": [
         22,
         22,
         22,
         22,
         22,
         22,
         22,
         22,
         22,
         22,
         22,
         22,
         22,
         22,
         22,
         22,
         22,
         22,
         22,
         22,
         22.55,
         23.1,
         23.650000000000002,
         24.2,
         24.75,
         25.3,
         25.85,
         26.400000000000002,
         26.95,
         27.5,
         28.05,
         28.6,
         29.150000000000002,
         29.700000000000003,
         30.25,
         30.799999999999997,
         31.35,
         31.9,
         32.45,
         33,
         33.1,
         33.2,
         33.3,
         33.4,
         33.5,
         33.6,
         33.7,
         33.8,
         33.9,
         34,
         34.1,
         34.2,
         34.3,
         34.4,
         34.5,
         34.6,
         34.7,
         34.8,
         34.9,
         35,
         35.05,
         35.1,
         35.15,
         35.2,
         35.25,
         35.3,
         35.35,
         35.4,
         35.45,
         35.5,
         35.55,
         35.6,
         35.65,
         35.7,
         35.75,
         35.8,
         35.85,
         35.9,
         35.95,
         36,
         36,
         36,
         36,
         36,
         36,
         36,
         36,
         36,
         36,
         36,
         36,
         36,
         36,
         36,
         36,
         36,
         36,
         36,
         36
      ],
      "maxValue": 36
   }},
   "crs": "3035",
   "tileSizeCell": 128,
   "originPoint": {
      "x": 0,
      "y": 0
   },
   "resolutionGeo": 50000,
   "tilingBounds": {
      "yMin": 0,
      "yMax": 0,
      "xMax": 0,
      "xMin": 0
   }
}