{
   "dims": {
      "tcd": {
         "averageValue": 33.35004868549172,
         "minValue": 1,
         "percentiles": [
            1,
            2,
            2,
            3,
            4,
            4.299999999999997,
            5,
            6,
            6.949999999999989,
            7,
            8,
            8,
            9,
            9,
            10,
            10,
            11,
            12,
            12,
            13,
            14,
            14,
            14,
            15,
            15,
            16,
            16,
            17,
            18,
            18,
            19,
            19,
            20,
            20,
            21,
            22,
            22,
            23,
            23,
            24,
            24,
            25,
            25,
            26,
            26,
            27,
            28,
            28,
            29,
            30,
            31,
            31,
            32,
            33,
            34,
            34,
            35,
            35,
            36,
            37,
            37,
            38,
            39,
            39,
            40,
            41,
            42,
            42,
            43,
            44,
            45,
            45.59999999999991,
            46,
            47,
            48,
            49,
            49,
            50,
            51,
            52,
            53,
            54,
            55,
            56,
            57,
            58,
            59.84999999999991,
            61,
            63,
            64,
            66,
            68,
            70,
            73,
            76,
            80,
            84,
            89,
            95.90000000000009
         ],
         "maxValue": 100
      },
      "dlt": {
         "averageValue": 1.5249110320284698,
         "minValue": 1,
         "percentiles": [
            1,
            1,
            1,
            1,
            1,
            1,
            1,
            1,
            1,
            1,
            1,
            1,
            1,
            1,
            1,
            1,
            1,
            1,
            1,
            1,
            1,
            1,
            1,
            1,
            1,
            1,
            1,
            1,
            1,
            1,
            1,
            1,
            1,
            1,
            1,
            1,
            1,
            1,
            1,
            1,
            1,
            1,
            1,
            1,
            1,
            1,
            1,
            2,
            2,
            2,
            2,
            2,
            2,
            2,
            2,
            2,
            2,
            2,
            2,
            2,
            2,
            2,
            2,
            2,
            2,
            2,
            2,
            2,
            2,
            2,
            2,
            2,
            2,
            2,
            2,
            2,
            2,
            2,
            2,
            2,
            2,
            2,
            2,
            2,
            2,
            2,
            2,
            2,
            2,
            2,
            2,
            2,
            2,
            2,
            2,
            2,
            2,
            2,
            2
         ],
         "maxValue": 2
      }
   },
   "crs": "3035",
   "tileSizeCell": 128,
   "originPoint": {
      "x": 0,
      "y": 0
   },
   "resolutionGeo": 50000,
   "tilingBounds": {
      "yMin": 0,
      "yMax": 0,
      "xMax": 1,
      "xMin": 0
   }
}