{
   "dims": {
      "tcd": {
         "averageValue": 74.62123385939742,
         "minValue": 1,
         "percentiles": [
            1,
            2,
            3,
            4,
            5,
            6,
            7,
            8,
            8,
            9,
            10,
            10,
            11.569999999999993,
            12,
            13,
            14,
            15,
            15,
            16,
            16.800000000000068,
            17,
            18,
            19,
            19,
            20,
            21,
            22,
            23,
            23,
            24,
            25,
            26,
            26,
            27,
            28,
            29,
            30,
            31,
            32,
            33,
            34,
            35,
            36,
            36.16000000000008,
            38,
            38,
            39,
            40,
            41,
            42,
            43,
            44,
            45,
            46.06000000000017,
            47,
            49,
            50,
            51,
            52,
            53,
            54,
            56,
            58,
            59,
            61,
            63,
            65,
            68,
            71,
            76,
            81,
            88.07999999999993,
            97,
            103,
            111,
            120,
            129,
            136,
            142,
            147,
            157.09000000000015,
            165,
            172,
            179,
            186,
            191,
            197,
            204,
            210,
            214.0999999999999,
            220,
            224.8800000000001,
            230,
            234,
            238,
            241,
            244.32999999999993,
            248,
            252
         ],
         "maxValue": 254
      },
      "dlt": {
         "averageValue": 1.5249110320284698,
         "minValue": 1,
         "percentiles": [
            1,
            1,
            1,
            1,
            1,
            1,
            1,
            1,
            1,
            1,
            1,
            1,
            1,
            1,
            1,
            1,
            1,
            1,
            1,
            1,
            1,
            1,
            1,
            1,
            1,
            1,
            1,
            1,
            1,
            1,
            1,
            1,
            1,
            1,
            1,
            1,
            1,
            1,
            1,
            1,
            1,
            1,
            1,
            1,
            1,
            1,
            1,
            2,
            2,
            2,
            2,
            2,
            2,
            2,
            2,
            2,
            2,
            2,
            2,
            2,
            2,
            2,
            2,
            2,
            2,
            2,
            2,
            2,
            2,
            2,
            2,
            2,
            2,
            2,
            2,
            2,
            2,
            2,
            2,
            2,
            2,
            2,
            2,
            2,
            2,
            2,
            2,
            2,
            2,
            2,
            2,
            2,
            2,
            2,
            2,
            2,
            2,
            2,
            2
         ],
         "maxValue": 2
      }
   },
   "crs": "3035",
   "tileSizeCell": 128,
   "originPoint": {
      "x": 0,
      "y": 0
   },
   "resolutionGeo": 50000,
   "tilingBounds": {
      "yMin": 0,
      "yMax": 0,
      "xMax": 1,
      "xMin": 0
   }
}