{
   "dims": {"tcd": {
      "averageValue": 31.6,
      "minValue": 15,
      "percentiles": [
         15,
         15,
         15,
         15.04,
         15.3,
         15.56,
         15.82,
         16.48,
         18.04,
         19.6,
         21.16,
         22.12,
         22.38,
         22.64,
         22.9,
         23,
         23,
         23,
         23,
         23,
         23,
         23,
         23,
         23.48,
         24,
         24.52,
         25.02,
         25.28,
         25.54,
         25.8,
         26.12,
         26.64,
         27.16,
         27.68,
         28.1,
         28.36,
         28.619999999999997,
         28.880000000000003,
         29.14,
         29.4,
         29.66,
         29.92,
         30,
         30,
         30,
         30,
         30.22,
         30.48,
         30.740000000000002,
         31,
         31.259999999999998,
         31.52,
         31.78,
         32.04,
         32.3,
         32.56,
         32.82,
         33.08,
         33.34,
         33.6,
         33.86,
         34.120000000000005,
         34.379999999999995,
         34.64,
         34.900000000000006,
         35.16,
         35.42,
         35.68,
         35.94,
         36.2,
         36.46,
         36.72,
         36.980000000000004,
         37.72,
         38.5,
         39.28,
         40.019999999999996,
         40.28,
         40.54,
         40.8,
         41,
         41,
         41,
         41,
         41.099999999999994,
         41.36,
         41.620000000000005,
         41.879999999999995,
         42.42,
         43.2,
         43.980000000000004,
         44.760000000000005,
         46.44,
         48.51999999999998,
         50.599999999999994,
         52.68000000000001,
         53,
         53,
         53
      ],
      "maxValue": 53
   }},
   "crs": "3035",
   "tileSizeCell": 128,
   "originPoint": {
      "x": 0,
      "y": 0
   },
   "resolutionGeo": 20000,
   "tilingBounds": {
      "yMin": 1,
      "yMax": 1,
      "xMax": 1,
      "xMin": 1
   }
}