{
   "dims": {
      "tcd": {
         "averageValue": 57.68266593527153,
         "minValue": 1,
         "percentiles": [
            1,
            1,
            2,
            3,
            4,
            4,
            5,
            6,
            6,
            7,
            8,
            8,
            9,
            10,
            11,
            12,
            12,
            13,
            14,
            14,
            15,
            16,
            16,
            17,
            18,
            18,
            19,
            20,
            20,
            21,
            21,
            22,
            23,
            24,
            24,
            25,
            26,
            27,
            27,
            28,
            29,
            30,
            31,
            31,
            32,
            33,
            34,
            35,
            35,
            36,
            37,
            38,
            39,
            40,
            40,
            41,
            42,
            43,
            44,
            45,
            46,
            47,
            48,
            49,
            50,
            51,
            52,
            53,
            55,
            56,
            57,
            58,
            60,
            61,
            63,
            65,
            67,
            69,
            71,
            74,
            77,
            81,
            87,
            100,
            112,
            123.10000000000036,
            135,
            147,
            160,
            172,
            185,
            194,
            204.0500000000011,
            213,
            221,
            231,
            238,
            244,
            249
         ],
         "maxValue": 254
      },
      "dlt": {
         "averageValue": 1.5114970645792563,
         "minValue": 1,
         "percentiles": [
            1,
            1,
            1,
            1,
            1,
            1,
            1,
            1,
            1,
            1,
            1,
            1,
            1,
            1,
            1,
            1,
            1,
            1,
            1,
            1,
            1,
            1,
            1,
            1,
            1,
            1,
            1,
            1,
            1,
            1,
            1,
            1,
            1,
            1,
            1,
            1,
            1,
            1,
            1,
            1,
            1,
            1,
            1,
            1,
            1,
            1,
            1,
            1,
            2,
            2,
            2,
            2,
            2,
            2,
            2,
            2,
            2,
            2,
            2,
            2,
            2,
            2,
            2,
            2,
            2,
            2,
            2,
            2,
            2,
            2,
            2,
            2,
            2,
            2,
            2,
            2,
            2,
            2,
            2,
            2,
            2,
            2,
            2,
            2,
            2,
            2,
            2,
            2,
            2,
            2,
            2,
            2,
            2,
            2,
            2,
            2,
            2,
            2,
            2
         ],
         "maxValue": 2
      }
   },
   "crs": "3035",
   "tileSizeCell": 128,
   "originPoint": {
      "x": 0,
      "y": 0
   },
   "resolutionGeo": 20000,
   "tilingBounds": {
      "yMin": 0,
      "yMax": 2,
      "xMax": 2,
      "xMin": 0
   }
}