{
   "dims": {
      "tcd": {
         "averageValue": 31.60902255639098,
         "minValue": 1,
         "percentiles": [
            5,
            6,
            8,
            9,
            9,
            10,
            10.000000000000004,
            11,
            11,
            13,
            13,
            13,
            14,
            14,
            15,
            16,
            16,
            17,
            17,
            17,
            18,
            18,
            19,
            19,
            20,
            20,
            20,
            21,
            21,
            21,
            22,
            22,
            23,
            24,
            24,
            24,
            24,
            25,
            26,
            26,
            27,
            27,
            28,
            28,
            29,
            29,
            30,
            30,
            30,
            30,
            31,
            31,
            32,
            32,
            33,
            34,
            34,
            34,
            34,
            35,
            35,
            35,
            36,
            37,
            37,
            38,
            38,
            38,
            39,
            39,
            40,
            40,
            40,
            41,
            41,
            42,
            42,
            43,
            43,
            44,
            44,
            45,
            46,
            47,
            47,
            48,
            50,
            51,
            52,
            53,
            54,
            55,
            56,
            57,
            59,
            60,
            62,
            69,
            75
         ],
         "maxValue": 82
      },
      "dlt": {
         "averageValue": 1.1428571428571428,
         "minValue": 1,
         "percentiles": [
            1,
            1,
            1,
            1,
            1,
            1,
            1,
            1,
            1,
            1,
            1,
            1,
            1,
            1,
            1,
            1,
            1,
            1,
            1,
            1,
            1,
            1,
            1,
            1,
            1,
            1,
            1,
            1,
            1,
            1,
            1,
            1,
            1,
            1,
            1,
            1,
            1,
            1,
            1,
            1,
            1,
            1,
            1,
            1,
            1,
            1,
            1,
            1,
            1,
            1,
            1,
            1,
            1,
            1,
            1,
            1,
            1,
            1,
            1,
            1,
            1,
            1,
            1,
            1,
            1,
            1,
            1,
            1,
            1,
            1,
            1,
            1,
            1,
            1,
            1,
            1,
            1,
            1,
            1,
            1,
            1,
            1,
            1,
            1,
            1.3500000000000014,
            2,
            2,
            2,
            2,
            2,
            2,
            2,
            2,
            2,
            2,
            2,
            2,
            2,
            2
         ],
         "maxValue": 2
      }
   },
   "crs": "3035",
   "tileSizeCell": 128,
   "originPoint": {
      "x": 0,
      "y": 0
   },
   "resolutionGeo": 5000,
   "tilingBounds": {
      "yMin": 4,
      "yMax": 4,
      "xMax": 6,
      "xMin": 6
   }
}