{
   "dims": {
      "tcd": {
         "averageValue": 33.07258215912078,
         "minValue": 1,
         "percentiles": [
            1,
            1,
            2,
            2,
            3,
            3,
            4,
            4,
            5,
            5,
            6,
            7,
            7,
            8,
            8,
            9,
            10,
            10,
            11,
            11,
            12,
            13,
            13,
            14,
            14,
            15,
            16,
            16,
            17,
            17,
            18,
            18,
            19,
            20,
            20,
            21,
            21,
            22,
            23,
            23,
            24,
            24,
            25,
            26,
            26,
            27,
            28,
            29,
            29,
            30,
            31,
            31,
            32,
            33,
            34,
            34,
            35,
            36,
            37,
            37,
            38,
            39,
            39,
            40,
            41,
            42,
            42,
            43,
            44,
            45,
            46,
            47,
            47,
            48,
            49,
            50,
            51,
            52,
            53,
            54,
            55,
            56,
            57,
            58,
            59,
            60,
            61,
            63,
            64,
            65,
            67,
            68,
            70,
            72,
            74,
            76,
            79,
            82,
            87
         ],
         "maxValue": 100
      },
      "dlt": {
         "averageValue": 1.4962550439445028,
         "minValue": 1,
         "percentiles": [
            1,
            1,
            1,
            1,
            1,
            1,
            1,
            1,
            1,
            1,
            1,
            1,
            1,
            1,
            1,
            1,
            1,
            1,
            1,
            1,
            1,
            1,
            1,
            1,
            1,
            1,
            1,
            1,
            1,
            1,
            1,
            1,
            1,
            1,
            1,
            1,
            1,
            1,
            1,
            1,
            1,
            1,
            1,
            1,
            1,
            1,
            1,
            1,
            1,
            1,
            2,
            2,
            2,
            2,
            2,
            2,
            2,
            2,
            2,
            2,
            2,
            2,
            2,
            2,
            2,
            2,
            2,
            2,
            2,
            2,
            2,
            2,
            2,
            2,
            2,
            2,
            2,
            2,
            2,
            2,
            2,
            2,
            2,
            2,
            2,
            2,
            2,
            2,
            2,
            2,
            2,
            2,
            2,
            2,
            2,
            2,
            2,
            2,
            2
         ],
         "maxValue": 2
      }
   },
   "crs": "3035",
   "tileSizeCell": 128,
   "originPoint": {
      "x": 0,
      "y": 0
   },
   "resolutionGeo": 5000,
   "tilingBounds": {
      "yMin": 1,
      "yMax": 8,
      "xMax": 11,
      "xMin": 1
   }
}