{
   "dims": {
      "tcd": {
         "averageValue": 43.474455334924585,
         "minValue": 1,
         "percentiles": [
            1,
            1,
            2,
            2,
            3,
            3,
            4,
            5,
            5,
            6,
            7,
            7,
            8,
            8,
            9,
            10,
            10,
            11,
            12,
            12,
            13,
            14,
            14,
            15,
            16,
            16,
            17,
            17,
            18,
            19,
            19,
            20,
            20,
            21,
            22,
            22,
            23,
            24,
            24,
            25,
            26,
            26,
            27,
            28,
            29,
            30,
            30,
            31,
            32,
            33,
            33,
            34,
            35,
            36,
            37,
            37,
            38,
            39,
            40,
            40,
            41,
            42,
            43,
            44,
            45,
            45,
            46,
            47,
            48,
            49,
            50,
            51,
            52,
            53,
            54,
            55,
            56,
            57,
            59,
            60,
            61,
            62,
            64,
            65,
            67,
            69,
            71,
            73,
            75,
            77,
            80,
            85,
            96,
            122,
            148,
            175,
            200,
            223,
            242
         ],
         "maxValue": 254
      },
      "dlt": {
         "averageValue": 1.4962705121829936,
         "minValue": 1,
         "percentiles": [
            1,
            1,
            1,
            1,
            1,
            1,
            1,
            1,
            1,
            1,
            1,
            1,
            1,
            1,
            1,
            1,
            1,
            1,
            1,
            1,
            1,
            1,
            1,
            1,
            1,
            1,
            1,
            1,
            1,
            1,
            1,
            1,
            1,
            1,
            1,
            1,
            1,
            1,
            1,
            1,
            1,
            1,
            1,
            1,
            1,
            1,
            1,
            1,
            1,
            1,
            2,
            2,
            2,
            2,
            2,
            2,
            2,
            2,
            2,
            2,
            2,
            2,
            2,
            2,
            2,
            2,
            2,
            2,
            2,
            2,
            2,
            2,
            2,
            2,
            2,
            2,
            2,
            2,
            2,
            2,
            2,
            2,
            2,
            2,
            2,
            2,
            2,
            2,
            2,
            2,
            2,
            2,
            2,
            2,
            2,
            2,
            2,
            2,
            2
         ],
         "maxValue": 2
      }
   },
   "crs": "3035",
   "tileSizeCell": 128,
   "originPoint": {
      "x": 0,
      "y": 0
   },
   "resolutionGeo": 5000,
   "tilingBounds": {
      "yMin": 1,
      "yMax": 8,
      "xMax": 11,
      "xMin": 1
   }
}