{
   "dims": {
      "pp": {
         "averageValue": 3838342.851674641,
         "minValue": 321,
         "percentiles": [
            24713.52,
            32675.440000000002,
            43422,
            57472.040000000015,
            110780,
            141784.56,
            176865.36000000002,
            222408.6,
            242371,
            254946,
            273395,
            304737.92,
            352850.28,
            394328.28,
            427445.80000000005,
            457775.7200000001,
            518878.60000000003,
            562915.4399999998,
            654626.3200000001,
            738576.6,
            785876.36,
            828392,
            908786.36,
            967035.12,
            1075119,
            1128022.24,
            1226602.16,
            1279967.32,
            1359609.7199999995,
            1483177.8,
            1542350.52,
            1594781.28,
            1620668.3200000003,
            1677565.8000000003,
            1739785.3999999997,
            1787437.6799999992,
            1881497.92,
            1932474.44,
            1975730.72,
            2049789.6,
            2105648.28,
            2149049.8,
            2216309.7600000002,
            2253831.96,
            2336727.4000000004,
            2406851.96,
            2432254,
            2506458.88,
            2601362.6799999997,
            2711012,
            2781803.0800000005,
            2860507.48,
            2999280.480000002,
            3097724.92,
            3149798.4000000013,
            3237570.04,
            3307696.1599999997,
            3392302.759999999,
            3459996.04,
            3535353.6,
            3565386,
            3607343.16,
            3688148.7199999997,
            3743383.4,
            3952759.6,
            4037807,
            4179143.96,
            4278527.04,
            4385547.04,
            4449832.599999999,
            4589366.12,
            4722915.24,
            4930260.4799999995,
            5109615.079999997,
            5349694,
            5544919.4,
            5642019.48,
            5894404.320000001,
            5999097.48,
            6080604.6000000015,
            6166010.16,
            6271726.16,
            6468287.800000001,
            6950314.24,
            7141237.999999998,
            7385390.960000001,
            7547393.48,
            7889228.399999999,
            8219132.959999998,
            8609119.600000001,
            8854074.680000002,
            9219687.16,
            9664224.800000014,
            1.0964654159999996E7,
            1.28001754E7,
            1.331276456E7,
            1.4374756199999979E7,
            1.8029047959999986E7,
            1.968882260000001E7
         ],
         "maxValue": 2.5854676E7
      },
      "rp": {
         "averageValue": 58.96810207336523,
         "minValue": 0,
         "percentiles": [
            3.2800000000000002,
            11.120000000000001,
            13,
            16,
            17.400000000000002,
            19,
            21.96,
            24,
            25,
            26,
            28,
            29,
            30.64,
            32,
            33,
            34,
            35,
            36,
            37,
            38,
            39,
            40,
            42,
            42,
            43,
            44,
            44.56,
            45,
            46,
            47,
            48,
            49,
            49,
            50,
            51,
            52,
            52,
            53,
            53,
            54,
            55,
            55,
            56,
            57,
            57,
            58,
            58.15999999999997,
            59,
            60,
            60,
            61,
            62,
            62.84000000000003,
            63,
            64,
            65,
            65,
            66,
            66,
            67,
            67,
            69,
            69,
            70,
            70,
            71,
            71,
            72,
            72.32,
            73,
            74,
            75,
            76,
            76,
            77,
            77,
            77.56,
            78,
            79,
            80,
            81,
            82,
            82,
            83,
            85,
            86,
            86.36000000000001,
            87,
            88,
            89,
            89,
            91,
            93,
            93,
            95,
            96,
            97,
            98.43999999999994,
            101.72000000000003
         ],
         "maxValue": 116
      },
      "ra": {
         "averageValue": 2651721.9872408295,
         "minValue": 0,
         "percentiles": [
            3566.96,
            6264.2,
            14739,
            27442.8,
            32596.000000000004,
            34679,
            50735,
            61887.96000000001,
            79763,
            97207,
            120091.27999999998,
            148757,
            156161.48,
            174744,
            195275.6,
            207785.56,
            234096.32000000004,
            250956.59999999995,
            281531.80000000005,
            333840.00000000006,
            377830.19999999995,
            414447.07999999996,
            470667.24,
            484862.64,
            514095,
            542464.72,
            580136.6,
            626756.8,
            658171.64,
            682715.6,
            707510.6,
            736370.8800000001,
            779036.88,
            811015.4400000001,
            831389.6,
            888482.44,
            914767.32,
            947578.92,
            1000015.8,
            1029838.6000000001,
            1064698.8399999999,
            1085204.88,
            1109164.4000000001,
            1157784.44,
            1202448.6,
            1242501.5599999998,
            1270242.52,
            1300546.4,
            1349912,
            1378576,
            1415759.04,
            1466111.72,
            1515205.48,
            1574706.16,
            1613028.6000000003,
            1697770.32,
            1785349.2399999993,
            1838080.4399999995,
            1889792.9199999997,
            1978833.8,
            2050300.24,
            2114343.4,
            2158573.36,
            2246714.44,
            2370552.1999999997,
            2431181.16,
            2546636.9200000004,
            2603101.3200000003,
            2721858.88,
            2825992.4,
            2932710.84,
            3025851.5999999996,
            3116926.68,
            3218981.2399999998,
            3337515,
            3410421.8800000004,
            3565347.2800000003,
            3727154.9600000014,
            3810128.8000000003,
            3972165.8000000003,
            4135082.88,
            4387184.279999987,
            4562115.48,
            4714126.32,
            4994771.999999996,
            5348851.76000001,
            5818920.040000001,
            6163888.559999999,
            6487462.839999997,
            6740398.200000004,
            6935808.040000001,
            7154303.68,
            7421018.640000006,
            8196874.559999992,
            9385266.40000001,
            1.126960136E7,
            1.1913673639999982E7,
            1.609947215999999E7,
            1.893473596E7
         ],
         "maxValue": 2.5545845E7
      }
   },
   "crs": "3035",
   "tileSizeCell": 128,
   "originPoint": {
      "x": 0,
      "y": 0
   },
   "resolutionGeo": 100000,
   "tilingBounds": {
      "yMin": 0,
      "yMax": 0,
      "xMax": 0,
      "xMin": 0
   }
}