{
   "dims": {
      "2018": {
         "averageValue": 632.0362966945436,
         "minValue": 0,
         "percentiles": [
            0,
            0,
            0,
            0,
            0,
            0,
            1,
            1,
            2,
            2,
            3,
            3,
            4,
            4,
            5,
            5,
            6,
            7,
            7,
            8,
            9,
            10,
            11,
            12,
            13,
            14,
            16,
            17,
            18,
            20,
            21,
            23,
            25,
            26,
            28,
            30,
            33,
            35,
            37,
            40,
            42,
            45,
            48,
            51,
            54,
            57,
            60,
            64,
            68,
            72,
            76,
            80,
            85,
            90,
            95,
            100,
            106,
            112,
            118,
            125,
            132,
            139,
            147,
            156,
            165,
            174,
            185,
            195,
            207,
            219,
            233,
            248,
            263,
            281,
            299,
            319,
            342,
            366,
            393,
            423,
            456,
            493,
            536,
            584,
            637,
            698,
            769,
            853,
            953,
            1073,
            1222,
            1409,
            1653,
            1983,
            2448,
            3162,
            4310,
            6396,
            11129
         ],
         "maxValue": 163784
      },
      "2006": {
         "averageValue": 687.6003540491291,
         "minValue": 1,
         "percentiles": [
            1,
            1,
            2,
            2,
            3,
            4,
            4,
            5,
            6,
            6,
            7,
            8,
            9,
            10,
            11,
            12,
            13,
            14,
            16,
            17,
            18,
            20,
            21,
            23,
            24,
            26,
            28,
            30,
            32,
            34,
            36,
            38,
            40,
            42,
            45,
            47,
            50,
            53,
            56,
            58,
            61,
            65,
            68,
            72,
            75,
            79,
            83,
            87,
            92,
            96,
            101,
            106,
            111,
            117,
            123,
            129,
            135,
            142,
            149,
            157,
            165,
            174,
            183,
            192,
            202,
            213,
            225,
            238,
            251,
            266,
            281,
            298,
            316,
            336,
            358,
            381,
            407,
            436,
            468,
            502,
            541,
            584,
            632,
            685,
            747,
            816,
            898,
            992,
            1106,
            1245,
            1411,
            1616,
            1888,
            2247,
            2748,
            3514,
            4708,
            6854.540000000037,
            11491
         ],
         "maxValue": 163334
      },
      "2011": {
         "averageValue": 678.8922606610481,
         "minValue": 1,
         "percentiles": [
            1,
            2,
            2,
            2,
            3,
            4,
            4,
            5,
            5,
            6,
            7,
            7,
            8,
            9,
            10,
            11,
            12,
            13,
            14,
            15,
            17,
            18,
            20,
            21,
            22,
            24,
            26,
            28,
            29,
            31,
            33,
            35,
            38,
            40,
            42,
            45,
            47,
            50,
            53,
            56,
            59,
            62,
            65,
            69,
            72,
            76,
            80,
            84,
            88,
            93,
            98,
            102,
            108,
            113,
            119,
            125,
            131,
            138,
            145,
            152,
            160,
            168,
            177,
            186,
            196,
            206,
            217,
            229,
            242,
            256,
            270,
            286,
            304,
            322,
            342,
            364,
            388,
            414,
            444,
            476,
            513,
            553,
            599,
            649,
            706,
            772,
            849,
            938,
            1044,
            1175,
            1334,
            1532,
            1795,
            2148,
            2643,
            3403,
            4591,
            6780,
            11557.560000000056
         ],
         "maxValue": 167022
      }
   },
   "crs": "3035",
   "tileSizeCell": 128,
   "originPoint": {
      "x": 0,
      "y": 0
   },
   "resolutionGeo": 2000,
   "tilingBounds": {
      "yMin": 3,
      "xMin": 3,
      "yMax": 21,
      "xMax": 25
   }
}
