{
   "dims": {"avg_time_nearest": {
      "averageValue": 28.021892893230042,
      "minValue": 4,
      "percentiles": [
         8,
         9,
         9,
         10,
         10,
         10,
         11,
         11,
         11,
         11,
         11,
         12,
         12,
         12,
         12,
         12,
         13,
         13,
         13,
         13,
         13,
         14,
         14,
         14,
         14,
         14,
         15,
         15,
         15,
         15,
         15,
         16,
         16,
         16,
         16,
         17,
         17,
         17,
         17,
         18,
         18,
         18,
         18,
         19,
         19,
         19,
         20,
         20,
         20,
         21,
         21,
         21,
         22,
         22,
         22,
         23,
         23,
         24,
         24,
         25,
         25,
         25,
         26,
         26,
         27,
         27,
         28,
         29,
         29,
         30,
         30,
         31,
         32,
         33,
         33,
         34,
         35,
         36,
         37,
         38,
         39,
         40,
         41,
         42,
         44,
         45,
         47,
         48,
         51,
         53,
         56,
         59,
         62,
         65,
         71,
         78,
         86,
         100,
         119.22999999999956
      ],
      "maxValue": 293
   }},
   "crs": "3035",
   "tileSizeCell": 128,
   "originPoint": {
      "x": 0,
      "y": 0
   },
   "resolutionGeo": 20000,
   "tilingBounds": {
      "yMin": 0,
      "yMax": 2,
      "xMax": 2,
      "xMin": 0
   }
}