{
   "dims": {
      "avg_time_nearest_ep": {
         "averageValue": 14.645697467275923,
         "minValue": 0.9,
         "percentiles": [
            2.9,
            3.1,
            3.3,
            3.4,
            3.5,
            3.6,
            3.7,
            3.8,
            3.9,
            3.9,
            4,
            4.1,
            4.2,
            4.2,
            4.3,
            4.4,
            4.4,
            4.5,
            4.6,
            4.7,
            4.7,
            4.8,
            4.9,
            5,
            5.1,
            5.1,
            5.2,
            5.3,
            5.4,
            5.5,
            5.5,
            5.6,
            5.7,
            5.8,
            5.9,
            6,
            6.1,
            6.2,
            6.3,
            6.4,
            6.5,
            6.6,
            6.7,
            6.8,
            6.9,
            7,
            7.1,
            7.2,
            7.3,
            7.4,
            7.6,
            7.7,
            7.8,
            7.9,
            8,
            8.2,
            8.3,
            8.5,
            8.607999999999992,
            8.8,
            8.9,
            9.1,
            9.3,
            9.4,
            9.6,
            9.8,
            10,
            10.2,
            10.4,
            10.7,
            10.9,
            11.2,
            11.4,
            11.7,
            12,
            12.4,
            12.8,
            13.2,
            13.7,
            14.2,
            14.8,
            15.4,
            16.1,
            17,
            17.9,
            19,
            20.5,
            22.4,
            24.2,
            26.5,
            28.992000000000008,
            32.1,
            36.2,
            41.655999999999764,
            50.2,
            62.50400000000009,
            76.92799999999988,
            100.42800000000007,
            145.1599999999984
         ],
         "maxValue": 382.4
      },
      "avg_time_nearest_h": {
         "averageValue": 28.021892893230042,
         "minValue": 4,
         "percentiles": [
            8,
            9,
            9,
            10,
            10,
            10,
            11,
            11,
            11,
            11,
            11,
            12,
            12,
            12,
            12,
            12,
            13,
            13,
            13,
            13,
            13,
            14,
            14,
            14,
            14,
            14,
            15,
            15,
            15,
            15,
            15,
            16,
            16,
            16,
            16,
            17,
            17,
            17,
            17,
            18,
            18,
            18,
            18,
            19,
            19,
            19,
            20,
            20,
            20,
            21,
            21,
            21,
            22,
            22,
            22,
            23,
            23,
            24,
            24,
            25,
            25,
            25,
            26,
            26,
            27,
            27,
            28,
            29,
            29,
            30,
            30,
            31,
            32,
            33,
            33,
            34,
            35,
            36,
            37,
            38,
            39,
            40,
            41,
            42,
            44,
            45,
            47,
            48,
            51,
            53,
            56,
            59,
            62,
            65,
            71,
            78,
            86,
            100,
            119.22999999999956
         ],
         "maxValue": 293
      },
      "TOT_P": {
         "averageValue": 38346.17384843982,
         "minValue": 0,
         "percentiles": [
            0,
            4,
            11.019999999999982,
            25,
            42,
            65.03999999999996,
            91,
            124,
            168,
            210,
            266.74,
            343.0799999999999,
            416.4200000000001,
            501,
            611,
            721.8800000000001,
            841.7800000000002,
            964,
            1121.38,
            1255.2000000000007,
            1436,
            1590.48,
            1758,
            1962.3199999999997,
            2150,
            2332,
            2543,
            2761,
            2998,
            3248.2,
            3510.54,
            3804.5200000000004,
            4091.2200000000003,
            4413,
            4757.5999999999985,
            5068.959999999999,
            5463,
            5826.68,
            6163.040000000001,
            6586.4000000000015,
            7032.759999999998,
            7446.839999999999,
            7935.24,
            8360.8,
            8835.2,
            9332.840000000002,
            9849.839999999997,
            10324.64,
            10798.599999999999,
            11353,
            11906.36,
            12432.36,
            12993,
            13699.080000000002,
            14251.800000000003,
            14907.04,
            15556.319999999989,
            16347.479999999994,
            17133.719999999994,
            17919.999999999996,
            18687.48,
            19439.239999999998,
            20304.42,
            21115.600000000002,
            22091.5,
            23177.760000000002,
            24065.56,
            25009.120000000003,
            26116.219999999994,
            27247.199999999997,
            28477.679999999993,
            29811.92,
            31246.559999999998,
            32889.119999999995,
            34191.5,
            36006.56,
            37672.8,
            39383.12,
            41178.32000000001,
            43685.600000000006,
            45993.26000000002,
            48447.43999999999,
            51135.44,
            54093.399999999994,
            58148.299999999996,
            62658.92,
            67380.9,
            72500.52,
            78503.34000000001,
            84887.80000000003,
            92361.58,
            100498.12000000004,
            112929.08000000007,
            126628.4799999999,
            147397,
            175479.67999999996,
            215575.91999999993,
            282400.4799999998,
            435692.23999999993
         ],
         "maxValue": 3770153
      }
   },
   "crs": "3035",
   "tileSizeCell": 128,
   "originPoint": {
      "x": 0,
      "y": 0
   },
   "resolutionGeo": 20000,
   "tilingBounds": {
      "yMin": 0,
      "yMax": 2,
      "xMax": 2,
      "xMin": 0
   }
}