{
   "dims": {
      "pp": {
         "averageValue": 4574993.481313761,
         "minValue": 0,
         "percentiles": [
            16883,
            53696,
            100809.52,
            142895.59999999992,
            207111.40000000005,
            260663.44,
            299256,
            364986,
            410044,
            458950,
            512135,
            583696.8,
            672207,
            762167,
            834573,
            929978,
            1021437.52,
            1096957.92,
            1175291.8800000001,
            1261138.6,
            1354998.08,
            1445972.08,
            1517838.72,
            1587155.04,
            1661322,
            1736081.6,
            1807777.8,
            1878266.9600000004,
            1948119.08,
            2010863.8,
            2068363,
            2124361.6799999997,
            2189023,
            2256391,
            2338515,
            2417906.0799999996,
            2490242,
            2563818,
            2638775.68,
            2708568.8,
            2769571,
            2838336.88,
            2900054.32,
            2967425.8,
            3033076,
            3100134.72,
            3164086.3599999994,
            3230466.12,
            3301341.6399999997,
            3364247,
            3431818.8000000003,
            3503363.64,
            3579052.0000000005,
            3660408.8,
            3733649,
            3812948.360000001,
            3899337.2399999974,
            3986723.56,
            4072339.52,
            4165335.4,
            4256876.5200000005,
            4369476.92,
            4483401.720000001,
            4606479.359999999,
            4727351.2,
            4867539.5600000005,
            5003959,
            5151259.36,
            5280528.8,
            5430662,
            5570868.600000001,
            5696751.16,
            5839225.8,
            5987202.84,
            6125976,
            6254400.76,
            6406136.96,
            6562616.120000001,
            6719194.76,
            6868267.000000001,
            7018617.920000003,
            7176308.4399999995,
            7366157,
            7557357.760000001,
            7761082.599999999,
            8017705.359999999,
            8409494.119999997,
            8932272,
            9415584.280000001,
            9924247.800000006,
            1.0496922E7,
            1.130694916E7,
            1.225569964E7,
            1.320268E7,
            1.40380852E7,
            1.4957621120000001E7,
            1.6397315160000002E7,
            1.8834395039999977E7,
            2.1070726319999993E7
         ],
         "maxValue": 2.8794681E7
      },
      "rp": {
         "averageValue": 58.89409545176422,
         "minValue": 0,
         "percentiles": [
            2,
            6,
            10,
            12,
            15,
            16,
            18,
            20,
            22,
            23,
            25,
            26,
            27,
            29,
            30,
            31,
            32,
            33,
            34,
            35,
            36,
            37,
            38,
            39,
            40,
            41,
            42,
            43,
            44,
            45,
            45,
            46,
            47,
            48,
            49,
            50,
            50,
            51,
            52,
            53,
            54,
            54,
            55,
            56,
            57,
            58,
            58,
            59,
            60,
            61,
            61,
            62,
            63,
            63,
            64,
            65,
            66,
            66,
            67,
            68,
            69,
            69,
            70,
            71,
            71,
            72,
            73,
            73,
            74,
            75,
            75,
            76,
            77,
            78,
            78,
            79,
            80,
            81,
            81,
            82,
            83,
            84,
            85,
            86,
            87,
            88,
            88,
            89,
            90,
            92,
            93,
            94,
            95,
            96,
            97,
            98,
            100,
            103,
            109
         ],
         "maxValue": 258
      },
      "ra": {
         "averageValue": 3147688.3927217205,
         "minValue": 0,
         "percentiles": [
            2017.4000000000005,
            9825.000000000004,
            19920.679999999993,
            30855.160000000003,
            50578.8,
            74808.19999999995,
            105211.68000000001,
            134132.68,
            162622.28,
            188837,
            209389.64000000007,
            230557.07999999996,
            258833,
            284014.32,
            305817,
            332439,
            365222.76,
            402302.27999999997,
            439710.8,
            476835.2,
            515457.88,
            553281.68,
            589811.64,
            629694.32,
            667557,
            703957.9600000002,
            740623.96,
            775972.3200000001,
            808889.7599999999,
            840331.3999999999,
            879212.4,
            923196.7200000002,
            967598.44,
            1014017.48,
            1054780.5999999999,
            1090701,
            1134511.9600000002,
            1176790.64,
            1217481.72,
            1262696.8000000003,
            1308290,
            1354919.68,
            1404569.1999999997,
            1453795.4400000002,
            1504616,
            1555639.6,
            1602981.5599999998,
            1653843.92,
            1713850.0800000003,
            1769884,
            1829076.9599999997,
            1886099.4000000001,
            1942041.3200000003,
            2003856,
            2068111.2000000007,
            2134098.320000001,
            2197463.92,
            2261257.44,
            2327819.8,
            2397311.1999999997,
            2471533.4799999995,
            2550861.36,
            2631948,
            2712939,
            2800739,
            2881189.52,
            2971164.8000000017,
            3071467.6000000006,
            3178963.119999997,
            3281179.3999999994,
            3396305.52,
            3495596.8,
            3622504.359999999,
            3749201.9200000004,
            3883854,
            4003668.3999999994,
            4145078.2000000007,
            4298776.92,
            4477630.68,
            4673353.000000001,
            4907931.960000004,
            5130536.999999997,
            5354887,
            5583009.159999999,
            5843335.8,
            6091840.599999998,
            6391652,
            6718181.7200000025,
            7106763.800000001,
            7479506,
            7966951.960000001,
            8592596.84,
            9602012.279999996,
            1.1038437519999998E7,
            1.2363508E7,
            1.3496050079999994E7,
            1.4757464159999985E7,
            1.7187311200000003E7,
            2.0196600560000006E7
         ],
         "maxValue": 2.9597332E7
      }
   },
   "crs": "3035",
   "tileSizeCell": 128,
   "originPoint": {
      "x": 0,
      "y": 0
   },
   "resolutionGeo": 10000,
   "tilingBounds": {
      "yMin": 0,
      "yMax": 4,
      "xMax": 5,
      "xMin": 0
   }
}