{
   "dims": {
      "tcd": {
         "averageValue": 42.68730591532228,
         "minValue": 1,
         "percentiles": [
            1,
            1,
            1,
            1,
            1,
            1,
            2,
            2,
            2,
            2,
            3,
            3,
            3,
            4,
            4,
            4,
            5,
            5,
            5,
            6,
            6,
            7,
            8,
            8,
            9,
            9,
            10,
            11,
            12,
            12,
            13,
            14,
            15,
            16,
            17,
            18,
            19,
            20,
            22,
            23,
            24,
            26,
            27,
            29,
            30,
            32,
            33,
            35,
            37,
            38,
            40,
            42,
            44,
            46,
            48,
            49,
            51,
            53,
            55,
            57,
            59,
            61,
            62,
            64,
            66,
            68,
            69,
            71,
            72,
            73,
            74,
            75,
            76,
            77,
            78,
            79,
            80,
            80,
            81,
            81,
            82,
            82,
            83,
            84,
            84,
            85,
            85,
            86,
            86,
            87,
            87,
            88,
            88,
            89,
            89,
            90,
            91,
            92,
            94
         ],
         "maxValue": 100
      },
      "dlt": {
         "averageValue": 1.1888947576917999,
         "minValue": 1,
         "percentiles": [
            1,
            1,
            1,
            1,
            1,
            1,
            1,
            1,
            1,
            1,
            1,
            1,
            1,
            1,
            1,
            1,
            1,
            1,
            1,
            1,
            1,
            1,
            1,
            1,
            1,
            1,
            1,
            1,
            1,
            1,
            1,
            1,
            1,
            1,
            1,
            1,
            1,
            1,
            1,
            1,
            1,
            1,
            1,
            1,
            1,
            1,
            1,
            1,
            1,
            1,
            1,
            1,
            1,
            1,
            1,
            1,
            1,
            1,
            1,
            1,
            1,
            1,
            1,
            1,
            1,
            1,
            1,
            1,
            1,
            1,
            1,
            1,
            1,
            1,
            1,
            1,
            1,
            1,
            1,
            1,
            1,
            2,
            2,
            2,
            2,
            2,
            2,
            2,
            2,
            2,
            2,
            2,
            2,
            2,
            2,
            2,
            2,
            2,
            2
         ],
         "maxValue": 2
      }
   },
   "crs": "3035",
   "tileSizeCell": 128,
   "originPoint": {
      "x": 0,
      "y": 0
   },
   "resolutionGeo": 200,
   "tilingBounds": {
      "yMin": 113,
      "yMax": 117,
      "xMax": 160,
      "xMin": 156
   }
}