{
   "dims": {
      "avg_time_nearest_ep": {
         "averageValue": 14.285600669736304,
         "minValue": 1.3,
         "percentiles": [
            3.1,
            3.3,
            3.6,
            3.7,
            3.8,
            3.9,
            4,
            4,
            4.1,
            4.2,
            4.2,
            4.3,
            4.4,
            4.4,
            4.5,
            4.6,
            4.7,
            4.8,
            4.8,
            4.9,
            5,
            5.1,
            5.2,
            5.2,
            5.3,
            5.4,
            5.5,
            5.520000000000005,
            5.6,
            5.7,
            5.8,
            6,
            6.1,
            6.2,
            6.3,
            6.4,
            6.5,
            6.6,
            6.7,
            6.8,
            6.9,
            7,
            7.1,
            7.2,
            7.3,
            7.4,
            7.5,
            7.6,
            7.7,
            7.8,
            8,
            8.1,
            8.2,
            8.3,
            8.4,
            8.5,
            8.6,
            8.7,
            8.9,
            9,
            9.1,
            9.2,
            9.4,
            9.5,
            9.7,
            9.9,
            10,
            10.2,
            10.4,
            10.5,
            10.7,
            11,
            11.2,
            11.5,
            11.7,
            12,
            12.3,
            12.6,
            13,
            13.3,
            13.89000000000001,
            14.3,
            14.8,
            15.4,
            15.9,
            16.54000000000001,
            17.2,
            18.5,
            19.9,
            21.6,
            24.08000000000002,
            28.020000000000074,
            32.650000000000134,
            39.49999999999996,
            47.35,
            58.680000000000064,
            77.7299999999997,
            98.97999999999956,
            145.63999999999942
         ],
         "maxValue": 338.3
      },
      "avg_time_nearest_h": {
         "averageValue": 28.614821591948765,
         "minValue": 4,
         "percentiles": [
            9,
            10,
            10,
            11,
            11,
            11,
            12,
            12,
            12,
            12,
            13,
            13,
            13,
            13,
            14,
            14,
            14,
            14,
            14,
            15,
            15,
            15,
            15,
            15,
            16,
            16,
            16,
            16,
            17,
            17,
            17,
            17,
            17,
            18,
            18,
            18,
            18,
            18,
            19,
            19,
            19,
            19,
            19,
            20,
            20,
            20,
            20,
            20.75999999999999,
            21,
            21,
            21,
            22,
            22,
            22,
            23,
            23,
            23,
            23,
            24,
            24,
            24,
            25,
            25,
            26,
            26,
            26,
            27,
            27,
            28,
            28,
            29,
            29,
            30,
            31,
            32,
            33,
            34,
            35,
            35,
            36,
            37.47000000000003,
            39,
            40,
            41,
            42,
            44,
            46,
            48,
            51,
            52,
            55,
            59,
            63,
            68,
            74,
            81.51999999999998,
            93,
            108,
            132.26000000000022
         ],
         "maxValue": 259
      },
      "TOT_P": {
         "averageValue": 205828.51310292442,
         "minValue": 0,
         "percentiles": [
            3.34,
            43,
            123,
            218.44,
            372.70000000000016,
            500.03999999999996,
            661.38,
            886.72,
            1161.06,
            1399.4000000000003,
            1690.66,
            2021.9999999999989,
            2616.52,
            3061.3600000000015,
            3489.3999999999987,
            4221.28,
            4930.040000000001,
            5808.160000000001,
            7084.0199999999995,
            8063.800000000001,
            9278.06,
            10296.600000000002,
            11517.620000000006,
            12553.199999999997,
            13991,
            15637.720000000001,
            17228.020000000004,
            18686.200000000004,
            20267.659999999993,
            21885.8,
            23863.139999999996,
            25964,
            28665.460000000006,
            30647.96,
            33669.2,
            36662.28,
            39545.98,
            41245.91999999999,
            43717,
            47205.600000000006,
            49619.34,
            52394.28,
            55118.35999999999,
            60389.280000000006,
            63320.499999999985,
            66647.08000000002,
            70032.20000000001,
            73508.79999999999,
            76950.68000000002,
            79824,
            83899.68,
            88382.4,
            91339.57999999999,
            97494.32000000008,
            102033.8,
            106036.24,
            109499.62,
            114674.04,
            119441.21999999999,
            124185.19999999994,
            129548.36,
            134421.75999999998,
            138637.48000000004,
            144923.2,
            150703,
            155546.24000000005,
            161711.32,
            166437.32000000004,
            170681.59999999998,
            178542.59999999998,
            187194.28,
            194767.04,
            202465.93999999994,
            209481.32,
            221508,
            231214.04,
            239762.34,
            248693.87999999998,
            261930.3600000001,
            273366.8000000001,
            280595.62,
            294656.91999999987,
            308067.12,
            323900.04,
            340590.9000000001,
            367060.1999999999,
            385537.27999999997,
            415192.36000000016,
            440615.60000000027,
            474580.3999999997,
            515948.44000000006,
            551479.4400000002,
            600501.6000000001,
            695877.4000000005,
            812527.799999999,
            995549.2399999998,
            1146655.8,
            1425510.8400000012,
            2092693.5399999965
         ],
         "maxValue": 8371753
      }
   },
   "crs": "3035",
   "tileSizeCell": 128,
   "originPoint": {
      "x": 0,
      "y": 0
   },
   "resolutionGeo": 50000,
   "tilingBounds": {
      "yMin": 0,
      "yMax": 0,
      "xMax": 1,
      "xMin": 0
   }
}