{
   "dims": {"avg_time_nearest": {
      "averageValue": 28.614821591948765,
      "minValue": 4,
      "percentiles": [
         9,
         10,
         10,
         11,
         11,
         11,
         12,
         12,
         12,
         12,
         13,
         13,
         13,
         13,
         14,
         14,
         14,
         14,
         14,
         15,
         15,
         15,
         15,
         15,
         16,
         16,
         16,
         16,
         17,
         17,
         17,
         17,
         17,
         18,
         18,
         18,
         18,
         18,
         19,
         19,
         19,
         19,
         19,
         20,
         20,
         20,
         20,
         20.75999999999999,
         21,
         21,
         21,
         22,
         22,
         22,
         23,
         23,
         23,
         23,
         24,
         24,
         24,
         25,
         25,
         26,
         26,
         26,
         27,
         27,
         28,
         28,
         29,
         29,
         30,
         31,
         32,
         33,
         34,
         35,
         35,
         36,
         37.47000000000003,
         39,
         40,
         41,
         42,
         44,
         46,
         48,
         51,
         52,
         55,
         59,
         63,
         68,
         74,
         81.51999999999998,
         93,
         108,
         132.26000000000022
      ],
      "maxValue": 259
   }},
   "crs": "3035",
   "tileSizeCell": 128,
   "originPoint": {
      "x": 0,
      "y": 0
   },
   "resolutionGeo": 50000,
   "tilingBounds": {
      "yMin": 0,
      "yMax": 0,
      "xMax": 1,
      "xMin": 0
   }
}